LigandID,class,canonical_smiles
"1-[(Z)-(5-nitrofuran-2-yl)methylideneamino]imidazolidine-2,4-dione",1.0,O=C1CN(/N=C/c2ccc([N+](=O)[O-])o2)C(=O)N1
"3-[(Z)-(5-nitrofuran-2-yl)methylideneamino]-1,3-oxazolidin-2-one",1.0,O=C1OCCN1/N=C/c1ccc([N+](=O)[O-])o1
[(Z)-(5-nitrofuran-2-yl)methylideneamino]urea,1.0,NC(=O)N/N=C/c1ccc([N+](=O)[O-])o1
"2-[3-[(4-amino-2-methylpyrimidin-5-yl)methyl]-4-methyl-1,3-thiazol-3-ium-5-yl]ethanol",0.0,Cc1ncc(C[n+]2csc(CCO)c2C)c(N)n1
"3-[(5-nitrofuran-2-yl)methylideneamino]-1,3-oxazolidin-2-one",1.0,O=C1OCCN1N=Cc1ccc([N+](=O)[O-])o1
"1,2-dihydropyridazine-3,6-dione",1.0,O=c1ccc(=O)[nH][nH]1
"4-amino-N-(5-methyl-1,3,4-thiadiazol-2-yl)benzenesulfonamide",0.0,Cc1nnc(NS(=O)(=O)c2ccc(N)cc2)s1
"4-amino-N-(5-methyl-1,2-oxazol-3-yl)benzenesulfonamide",0.0,Cc1cc(NS(=O)(=O)c2ccc(N)cc2)no1
"4-amino-N-(3,4-dimethyl-1,2-oxazol-5-yl)benzenesulfonamide",0.0,Cc1noc(NS(=O)(=O)c2ccc(N)cc2)c1C
"4-amino-N-(1,3-thiazol-2-yl)benzenesulfonamide",0.0,Nc1ccc(S(=O)(=O)Nc2nccs2)cc1
5-(hydroxymethyl)furan-2-carbaldehyde,1.0,O=Cc1ccc(CO)o1
"5-nitro-1,3-thiazol-2-amine",1.0,Nc1ncc([N+](=O)[O-])s1
"1-ethyl-3-(5-nitro-1,3-thiazol-2-yl)urea",1.0,CCNC(=O)Nc1ncc([N+](=O)[O-])s1
5-hydroxy-2-(hydroxymethyl)pyran-4-one,1.0,O=c1cc(CO)occ1O
1-[(Z)-(5-nitrofuran-2-yl)methylideneamino]imidazolidin-2-one,1.0,O=C1NCCN1/N=C/c1ccc([N+](=O)[O-])o1
methyl furan-2-carboxylate,0.0,COC(=O)c1ccco1
"N-methyl-2,1-benzothiazol-3-amine",0.0,CNc1snc2ccccc12
4-hydroxy-N-[(Z)-(5-nitrofuran-2-yl)methylideneamino]benzamide,1.0,O=C(N/N=C/c1ccc([N+](=O)[O-])o1)c1ccc(O)cc1
ethyl 3-(5-nitrofuran-2-yl)prop-2-enoate,1.0,CCOC(=O)C=Cc1ccc([N+](=O)[O-])o1
3-acetyl-4-hydroxy-6-methylpyran-2-one,0.0,CC(=O)c1c(O)cc(C)oc1=O
"6-methyl-N-phenyl-2,3-dihydro-1,4-oxathiine-5-carboxamide",0.0,CC1=C(C(=O)Nc2ccccc2)SCCO1
"N-[4-(5-nitrofuran-2-yl)-1,3-thiazol-2-yl]formamide",1.0,O=CNc1nc(-c2ccc([N+](=O)[O-])o2)cs1
3-(5-nitrofuran-2-yl)prop-2-enoic acid,1.0,O=C(O)C=Cc1ccc([N+](=O)[O-])o1
2-[(5-nitrofuran-2-yl)methylidene]propanedinitrile,1.0,N#CC(C#N)=Cc1ccc([N+](=O)[O-])o1
"1-[(Z)-(5-nitrofuran-2-yl)methylideneamino]-1,3-diazinan-2-one",1.0,O=C1NCCCN1/N=C/c1ccc([N+](=O)[O-])o1
"3,4-dichloropyrrole-2,5-dione",1.0,O=C1NC(=O)C(Cl)=C1Cl
5-diazonio-6-oxo-1H-pyrimidin-2-olate,1.0,[N-]=[N+]=C1C=NC(=O)NC1=O
"diethyl (5-phenyl-1,2-oxazol-3-yl) phosphate",0.0,CCOP(=O)(OCC)Oc1cc(-c2ccccc2)on1
dimethyl [(E)-4-(methylamino)-4-oxobut-2-en-2-yl] phosphate,1.0,CNC(=O)/C=C(\C)OP(=O)(OC)OC
furan-2-ylmethyl acetate,1.0,CC(=O)OCc1ccco1
"4-(5-nitrofuran-2-yl)-1,3-thiazol-2-amine",1.0,Nc1nc(-c2ccc([N+](=O)[O-])o2)cs1
"N',N'-dimethyl-N-[5-[(E)-2-(5-nitrofuran-2-yl)ethenyl]-1,3,4-oxadiazol-2-yl]methanediamine",1.0,CN(C)CNc1nnc(/C=C/c2ccc([N+](=O)[O-])o2)o1
"1,1-dimethyl-2-[4-(5-nitrofuran-2-yl)-1,3-thiazol-2-yl]hydrazine",1.0,CN(C)Nc1nc(-c2ccc([N+](=O)[O-])o2)cs1
2-[[2-(5-nitrothiophen-2-yl)quinazolin-4-yl]amino]ethanol,1.0,O=[N+]([O-])c1ccc(-c2nc(NCCO)c3ccccc3n2)s1
N'-hydroxy-5-nitrofuran-2-carboximidamide,1.0,N/C(=N\O)c1ccc([N+](=O)[O-])o1
"N-[5-(5-nitrofuran-2-yl)-1,3,4-thiadiazol-2-yl]acetamide",1.0,CC(=O)Nc1nnc(-c2ccc([N+](=O)[O-])o2)s1
"4-(5-nitrofuran-2-yl)-1,3-thiazole",1.0,O=[N+]([O-])c1ccc(-c2cscn2)o1
"N-[4-(5-nitrofuran-2-yl)-1,3-thiazol-2-yl]acetamide",1.0,CC(=O)Nc1nc(-c2ccc([N+](=O)[O-])o2)cs1
"N-[4-acetamido-6-(5-nitrofuran-2-yl)-1,3,5-triazin-2-yl]acetamide",1.0,CC(=O)Nc1nc(NC(C)=O)nc(-c2ccc([N+](=O)[O-])o2)n1
(Z)-2-(furan-2-yl)-3-(5-nitrofuran-2-yl)prop-2-enamide,1.0,NC(=O)/C(=C\c1ccc([N+](=O)[O-])o1)c1ccco1
"6-(5-nitrofuran-2-yl)-1,3,5-triazine-2,4-diamine",1.0,Nc1nc(N)nc(-c2ccc([N+](=O)[O-])o2)n1
"N-[[3-(5-nitrofuran-2-yl)-1,2,4-oxadiazol-5-yl]methyl]acetamide",1.0,CC(=O)NCc1nc(-c2ccc([N+](=O)[O-])o2)no1
"2,2,2-trifluoro-N-[4-(5-nitrofuran-2-yl)-1,3-thiazol-2-yl]acetamide",1.0,O=C(Nc1nc(-c2ccc([N+](=O)[O-])o2)cs1)C(F)(F)F
N-(3-bromophenyl)-5-nitrothiophene-3-carboxamide,1.0,O=[N+]([O-])c1cc(C(O)=Nc2cccc(Br)c2)cs1
N-(2-fluorophenyl)-5-nitrothiophene-3-carboxamide,1.0,O=[N+]([O-])c1cc(C(O)=Nc2ccccc2F)cs1
methyl 2-nitro-3-(5-nitrofuran-2-yl)prop-2-enoate,1.0,COC(=O)C(=Cc1ccc([N+](=O)[O-])o1)[N+](=O)[O-]
methyl 2-cyano-3-(5-nitrofuran-2-yl)prop-2-enoate,1.0,COC(=O)C(C#N)=Cc1ccc([N+](=O)[O-])o1
N-(2-bromophenyl)-5-nitrothiophene-3-carboxamide,1.0,O=[N+]([O-])c1cc(C(O)=Nc2ccccc2Br)cs1
7-nitro-1H-indazole,1.0,O=[N+]([O-])c1cccc2c[nH]nc12
"1-(5-nitro-3,4-diphenylfuran-2-yl)ethanone",1.0,CC(=O)c1oc([N+](=O)[O-])c(-c2ccccc2)c1-c1ccccc1
N-(4-chlorophenyl)-5-nitrothiophene-3-carboxamide,1.0,O=C(Nc1ccc(Cl)cc1)c1csc([N+](=O)[O-])c1
3-(5-nitrofuran-2-yl)-N-[(5-nitrofuran-2-yl)methylideneamino]prop-2-enamide,1.0,O=[N+]([O-])c1ccc(C=CC(O)=NN=Cc2ccc([N+](=O)[O-])o2)o1
2-nitro-5-(2-nitroethenyl)furan,1.0,O=[N+]([O-])c1ccc(C=C=[N+]([O-])O)o1
N-(3-chlorophenyl)-5-nitrothiophene-3-carboxamide,1.0,O=[N+]([O-])c1cc(C(O)=Nc2cccc(Cl)c2)cs1
5-nitro-N-(3-nitrophenyl)thiophene-3-carboxamide,1.0,O=[N+]([O-])c1cccc(N=C(O)c2csc([N+](=O)[O-])c2)c1
5-nitrothiophene-3-carboxamide,1.0,N=C(O)c1csc([N+](=O)[O-])c1
N-(2-methylpropyl)-3-(5-nitrofuran-2-yl)prop-2-enamide,1.0,CC(C)CN=C(O)C=Cc1ccc([N+](=O)[O-])o1
5-nitro-N-(2-nitrophenyl)thiophene-3-carboxamide,1.0,O=[N+]([O-])c1cc(C(O)=Nc2ccccc2[N+](=O)[O-])cs1
propan-2-yl 3-(5-nitrofuran-2-yl)prop-2-enoate,1.0,CC(C)OC(=O)C=Cc1ccc([N+](=O)[O-])o1
1-[(5-nitrofuran-2-yl)methylideneamino]imidazolidin-2-one,1.0,O=[N+]([O-])c1ccc(C=NN2CCN=C2O)o1
"5-nitro-3,4-diphenylfuran-2-carboxylic acid",1.0,O=C(O)c1oc([N+](=O)[O-])c(-c2ccccc2)c1-c1ccccc1
3-(5-nitrofuran-2-yl)prop-2-enamide,1.0,N=C(O)C=Cc1ccc([N+](=O)[O-])o1
5-nitrofuran-2-carboxylic acid,1.0,O=C(O)c1ccc([N+](=O)[O-])o1
1-(5-nitrofuran-2-yl)-N-pyrazol-1-ylmethanimine,1.0,O=[N+]([O-])c1ccc(C=Nn2cccn2)o1
propyl 3-(5-nitrofuran-2-yl)prop-2-enoate,1.0,CCCOC(=O)C=Cc1ccc([N+](=O)[O-])o1
N-butyl-3-(5-nitrofuran-2-yl)prop-2-enamide,1.0,CCCCN=C(O)C=Cc1ccc([N+](=O)[O-])o1
N-(3-methylphenyl)-5-nitrothiophene-3-carboxamide,1.0,Cc1cccc(N=C(O)c2csc([N+](=O)[O-])c2)c1
5-nitro-4-phenyl-1H-imidazole,1.0,O=[N+]([O-])c1[nH]cnc1-c1ccccc1
"2-bromo-1-(3,4-dichloro-5-nitrofuran-2-yl)ethanone",1.0,O=C(CBr)c1oc([N+](=O)[O-])c(Cl)c1Cl
"2-bromo-1-(5-nitro-3,4-diphenylfuran-2-yl)ethanone",1.0,O=C(CBr)c1oc([N+](=O)[O-])c(-c2ccccc2)c1-c1ccccc1
2-methylpropyl 3-(5-nitrofuran-2-yl)prop-2-enoate,1.0,CC(C)COC(=O)C=Cc1ccc([N+](=O)[O-])o1
N-butan-2-yl-3-(5-nitrofuran-2-yl)prop-2-enamide,1.0,CCC(C)N=C(O)C=Cc1ccc([N+](=O)[O-])o1
butyl 3-(5-nitrofuran-2-yl)prop-2-enoate,1.0,CCCCOC(=O)C=Cc1ccc([N+](=O)[O-])o1
"1-(3,4-dichloro-5-nitrofuran-2-yl)ethanone",1.0,CC(=O)c1oc([N+](=O)[O-])c(Cl)c1Cl
N-(2-methylphenyl)-5-nitrothiophene-3-carboxamide,1.0,Cc1ccccc1N=C(O)c1csc([N+](=O)[O-])c1
3-(5-nitrofuran-2-yl)-N-propylprop-2-enamide,1.0,CCCN=C(O)C=Cc1ccc([N+](=O)[O-])o1
N-(4-methoxyphenyl)-5-nitrothiophene-3-carboxamide,1.0,COc1ccc(NC(=O)c2csc([N+](=O)[O-])c2)cc1
"N-(2,2-dimethylpropyl)-3-(5-nitrofuran-2-yl)prop-2-enamide",1.0,CC(C)(C)CN=C(O)C=Cc1ccc([N+](=O)[O-])o1
"1-[(5-nitrofuran-2-yl)methylideneamino]-4,6-diphenylpyridin-2-one",1.0,O=c1cc(-c2ccccc2)cc(-c2ccccc2)n1N=Cc1ccc([N+](=O)[O-])o1
3-(5-nitrofuran-2-yl)-N-propan-2-ylprop-2-enamide,1.0,CC(C)N=C(O)C=Cc1ccc([N+](=O)[O-])o1
N-(3-ethylphenyl)-5-nitrothiophene-3-carboxamide,1.0,CCc1cccc(N=C(O)c2csc([N+](=O)[O-])c2)c1
"N,N-dimethyl-3-(5-nitrofuran-2-yl)prop-2-enamide",1.0,CN(C)C(=O)C=Cc1ccc([N+](=O)[O-])o1
N-(3-methoxyphenyl)-5-nitrothiophene-3-carboxamide,1.0,COc1cccc(N=C(O)c2csc([N+](=O)[O-])c2)c1
N-(4-ethylphenyl)-5-nitrothiophene-3-carboxamide,1.0,CCc1ccc(NC(=O)c2csc([N+](=O)[O-])c2)cc1
3-(5-nitrofuran-2-yl)prop-2-enal,1.0,O=CC=Cc1ccc([N+](=O)[O-])o1
3-(5-nitrofuran-2-yl)-N-pentylprop-2-enamide,1.0,CCCCCN=C(O)C=Cc1ccc([N+](=O)[O-])o1
"methyl 3,4-dichloro-5-nitrofuran-2-carboxylate",1.0,COC(=O)c1oc([N+](=O)[O-])c(Cl)c1Cl
N-(2-ethylphenyl)-5-nitrothiophene-3-carboxamide,1.0,CCc1ccccc1N=C(O)c1csc([N+](=O)[O-])c1
pentyl 3-(5-nitrofuran-2-yl)prop-2-enoate,1.0,CCCCCOC(=O)C=Cc1ccc([N+](=O)[O-])o1
"1-[(5-nitrofuran-2-yl)methylideneamino]-1,3-diazinan-2-one",1.0,O=[N+]([O-])c1ccc(C=NN2CCCN=C2O)o1
N-(2-methoxyphenyl)-5-nitrothiophene-3-carboxamide,1.0,COc1ccccc1N=C(O)c1csc([N+](=O)[O-])c1
methyl 5-nitrofuran-2-carboxylate,1.0,COC(=O)c1ccc([N+](=O)[O-])o1
methyl 2-methyl-3-(5-nitrofuran-2-yl)prop-2-enoate,1.0,COC(=O)C(C)=Cc1ccc([N+](=O)[O-])o1
5-nitro-N-phenylthiophene-3-carboxamide,1.0,O=[N+]([O-])c1cc(C(O)=Nc2ccccc2)cs1
N-(2-chlorophenyl)-5-nitrothiophene-3-carboxamide,1.0,O=[N+]([O-])c1cc(C(O)=Nc2ccccc2Cl)cs1
N-methyl-3-(5-nitrofuran-2-yl)prop-2-enamide,1.0,CN=C(O)C=Cc1ccc([N+](=O)[O-])o1
butan-2-yl 3-(5-nitrofuran-2-yl)prop-2-enoate,1.0,CCC(C)OC(=O)C=Cc1ccc([N+](=O)[O-])o1
N-(4-methylphenyl)-5-nitrothiophene-3-carboxamide,1.0,Cc1ccc(NC(=O)c2csc([N+](=O)[O-])c2)cc1
methyl 3-(5-nitrofuran-2-yl)prop-2-enoate,1.0,COC(=O)C=Cc1ccc([N+](=O)[O-])o1
N-(4-fluorophenyl)-5-nitrothiophene-3-carboxamide,1.0,O=C(Nc1ccc(F)cc1)c1csc([N+](=O)[O-])c1
N-ethyl-3-(5-nitrofuran-2-yl)prop-2-enamide,1.0,CCN=C(O)C=Cc1ccc([N+](=O)[O-])o1
2-methyl-7-nitroindazole,1.0,Cn1cc2cccc([N+](=O)[O-])c2n1
N-(4-bromophenyl)-5-nitrothiophene-3-carboxamide,1.0,O=C(Nc1ccc(Br)cc1)c1csc([N+](=O)[O-])c1
tert-butyl 3-(5-nitrofuran-2-yl)prop-2-enoate,1.0,CC(C)(C)OC(=O)C=Cc1ccc([N+](=O)[O-])o1
N-tert-butyl-3-(5-nitrofuran-2-yl)prop-2-enamide,1.0,CC(C)(C)N=C(O)C=Cc1ccc([N+](=O)[O-])o1
5-nitrofuran-2-carbaldehyde,1.0,O=Cc1ccc([N+](=O)[O-])o1
N-(3-fluorophenyl)-5-nitrothiophene-3-carboxamide,1.0,O=[N+]([O-])c1cc(C(O)=Nc2cccc(F)c2)cs1
N'-hydroxy-5-nitrofuran-2-carboximidamide,1.0,NC(=NO)c1ccc([N+](=O)[O-])o1
1-hydroxy-7H-purin-6-imine,1.0,Nc1c2ncnc-2[nH]c[n+]1[O-]
N-[(4-nitrophenyl)methyl]-7H-purin-6-amine,0.0,O=[N+]([O-])c1ccc(CNc2nc[nH]c3ncnc2-3)cc1
"N-(2,1-benzothiazol-3-yl)-3-methylbutanamide",0.0,CC(C)CC(=O)Nc1snc2ccccc12
"N-pentyl-2,1-benzothiazol-3-amine",0.0,CCCCCNc1snc2ccccc12
(E)-3-(5-nitrofuran-2-yl)-N-propylprop-2-enamide,1.0,CCCNC(=O)/C=C/c1ccc([N+](=O)[O-])o1
4-bromo-3-(chloromethyl)-2H-furan-5-one,1.0,O=C1OCC(CCl)=C1Br
methyl (E)-3-(5-bromofuran-2-yl)-2-cyanoprop-2-enoate,0.0,COC(=O)/C(C#N)=C/c1ccc(Br)o1
(E)-N-methyl-3-(5-nitrofuran-2-yl)prop-2-enamide,1.0,CNC(=O)/C=C/c1ccc([N+](=O)[O-])o1
(E)-N-tert-butyl-3-(5-nitrofuran-2-yl)prop-2-enamide,1.0,CC(C)(C)NC(=O)/C=C/c1ccc([N+](=O)[O-])o1
"1-(2,1-benzothiazol-3-yl)-3-phenylurea",0.0,O=C(Nc1ccccc1)Nc1snc2ccccc12
"N-(5-methyl-2,1-benzothiazol-3-yl)propanamide",0.0,CCC(=O)Nc1snc2ccc(C)cc12
"1-[(Z)-[(E)-3-(5-nitrofuran-2-yl)prop-2-enylidene]amino]imidazolidine-2,4-dione",1.0,O=C1CN(/N=C/C=C/c2ccc([N+](=O)[O-])o2)C(=O)N1
ethyl 3-[(4-methylphenyl)methylideneamino]-1H-indole-2-carboxylate,0.0,CCOC(=O)c1[nH]c2ccccc2c1/N=C/c1ccc(C)cc1
"(E)-N-(2,2-dimethylpropyl)-3-(5-nitrofuran-2-yl)prop-2-enamide",1.0,CC(C)(C)CNC(=O)/C=C/c1ccc([N+](=O)[O-])o1
(E)-3-(5-nitrofuran-2-yl)prop-2-enamide,1.0,NC(=O)/C=C/c1ccc([N+](=O)[O-])o1
"3,4-dibromo-2H-furan-5-one",1.0,O=C1OCC(Br)=C1Br
3-hydroxy-4-oxopyran-2-carboxylic acid,0.0,O=C(O)c1occc(=O)c1O
ethyl 2-[5-(7H-purin-6-ylsulfanyl)pentanoylamino]acetate,0.0,CCOC(=O)CNC(=O)CCCCSc1[nH]cnc2ncnc1-2
4-chloro-3-(chloromethyl)-2H-furan-5-one,1.0,O=C1OCC(CCl)=C1Cl
methyl (Z)-2-nitro-3-(5-nitrofuran-2-yl)prop-2-enoate,1.0,COC(=O)/C(=C/c1ccc([N+](=O)[O-])o1)[N+](=O)[O-]
"2-methoxy-5-nitrocyclohepta-2,4,6-trien-1-one",1.0,COc1ccc([N+](=O)[O-])ccc1=O
(E)-N-ethyl-3-(5-nitrofuran-2-yl)prop-2-enamide,1.0,CCNC(=O)/C=C/c1ccc([N+](=O)[O-])o1
"N-(4-ethoxy-3,6-dioxocyclohexa-1,4-dien-1-yl)acetamide",1.0,CCOC1=CC(=O)C(NC(C)=O)=CC1=O
2-methylpropyl (E)-3-(5-nitrofuran-2-yl)prop-2-enoate,1.0,CC(C)COC(=O)/C=C/c1ccc([N+](=O)[O-])o1
"N-butyl-2,1-benzothiazol-3-amine",0.0,CCCCNc1snc2ccccc12
"methyl 3,4-diphenylfuran-2-carboxylate",0.0,COC(=O)c1occ(-c2ccccc2)c1-c1ccccc1
"N-(2-methylpropyl)-2,1-benzothiazol-3-amine",0.0,CC(C)CNc1snc2ccccc12
methyl (E)-2-cyano-3-(5-nitrofuran-2-yl)prop-2-enoate,1.0,COC(=O)/C(C#N)=C/c1ccc([N+](=O)[O-])o1
"1-[(Z)-(5-nitrofuran-2-yl)methylideneamino]-4,6-diphenylpyridin-2-one",1.0,O=c1cc(-c2ccccc2)cc(-c2ccccc2)n1/N=C/c1ccc([N+](=O)[O-])o1
2-[(5-nitrofuran-2-yl)methylamino]ethanol,1.0,O=[N+]([O-])c1ccc(CNCCO)o1
"2-[[(1Z,4Z)-1,5-bis(5-nitrofuran-2-yl)penta-1,4-dien-3-ylidene]amino]guanidine",1.0,N=C(N)NN=C(/C=C\c1ccc([N+](=O)[O-])o1)/C=C\c1ccc([N+](=O)[O-])o1
"4-(4-nitrothiophen-2-yl)-1,3-thiazol-2-amine",1.0,Nc1nc(-c2cc([N+](=O)[O-])cs2)cs1
"N-[(Z)-[10-[(Z)-(4,5-dihydro-1H-imidazol-2-ylhydrazinylidene)methyl]anthracen-9-yl]methylideneamino]-4,5-dihydro-1H-imidazol-2-amine",1.0,C(=N/NC1=NCCN1)\c1c2ccccc2c(/C=N/NC2=NCCN2)c2ccccc12
"4-nitro-2,1-benzothiazole",1.0,O=[N+]([O-])c1cccc2nscc12
"N-[4-[(Z)-2-(5-nitrofuran-2-yl)ethenyl]-1,3-thiazol-2-yl]formamide",1.0,O=CNc1nc(/C=C\c2ccc([N+](=O)[O-])o2)cs1
"[5-(9H-pyrido[3,4-b]indol-1-yl)furan-2-yl]methanol",1.0,OCc1ccc(-c2[nH]ccc3c4ccccc4nc2-3)o1
ethyl 3-[(4-acetamidophenyl)methylideneamino]-1H-indole-2-carboxylate,1.0,CCOC(=O)c1[nH]c2ccccc2c1/N=C/c1ccc(NC(C)=O)cc1
1-cyano-2-[2-[(5-methyl-1H-imidazol-4-yl)methylsulfanyl]ethyl]-3-prop-2-ynylguanidine,0.0,C#CCNC(=NCCSCc1nc[nH]c1C)NC#N
"1H-1,3,5-triazine-2,4-dione",0.0,O=c1nc[nH]c(=O)[nH]1
"N-[4-(5-nitrothiophen-2-yl)-1,3-thiazol-2-yl]formamide",1.0,O=CNc1nc(-c2ccc([N+](=O)[O-])s2)cs1
"N-(2,1-benzothiazol-3-yl)octanamide",0.0,CCCCCCCC(=O)Nc1snc2ccccc12
3-chloro-5-(dichloromethylidene)furan-2-one,1.0,O=C1OC(=C(Cl)Cl)C=C1Cl
methyl (Z)-3-(furan-2-yl)-2-nitroprop-2-enoate,0.0,COC(=O)/C(=C/c1ccco1)[N+](=O)[O-]
"N-(5-chloro-2,1-benzothiazol-3-yl)acetamide",1.0,CC(=O)Nc1snc2ccc(Cl)cc12
methyl (E)-2-methyl-3-(5-nitrofuran-2-yl)prop-2-enoate,1.0,COC(=O)/C(C)=C/c1ccc([N+](=O)[O-])o1
"N-[4-(4-nitrothiophen-2-yl)-1,3-thiazol-2-yl]acetamide",1.0,CC(=O)Nc1nc(-c2cc([N+](=O)[O-])cs2)cs1
butyl (E)-3-(5-nitrofuran-2-yl)prop-2-enoate,1.0,CCCCOC(=O)/C=C/c1ccc([N+](=O)[O-])o1
N-hydroxy-2-(1-nitrosoimidazol-4-yl)acetamide,1.0,O=Nn1cnc(CC(=O)NO)c1
"methyl 5-nitro-3,4-diphenylfuran-2-carboxylate",1.0,COC(=O)c1oc([N+](=O)[O-])c(-c2ccccc2)c1-c1ccccc1
2-nitro-5-[(E)-2-nitroethenyl]furan,1.0,O=[N+]([O-])/C=C/c1ccc([N+](=O)[O-])o1
"N-(6-chloro-2,1-benzothiazol-3-yl)-2-methylpropanamide",0.0,CC(C)C(=O)Nc1snc2cc(Cl)ccc12
"N-(5,7-dichloro-2,1-benzothiazol-3-yl)acetamide",0.0,CC(=O)Nc1snc2c(Cl)cc(Cl)cc12
(E)-3-(5-nitrofuran-2-yl)-N-[(Z)-(5-nitrofuran-2-yl)methylideneamino]prop-2-enamide,1.0,O=C(/C=C/c1ccc([N+](=O)[O-])o1)N/N=C/c1ccc([N+](=O)[O-])o1
"ethyl 2-(1,3-benzothiazol-3-ium-3-yl)acetate",0.0,CCOC(=O)C[n+]1csc2ccccc21
N-(7H-purin-6-yl)hydroxylamine,1.0,ONc1[nH]cnc2ncnc1-2
"N-(2,1-benzothiazol-3-yl)-2-methylpropanamide",0.0,CC(C)C(=O)Nc1snc2ccccc12
"N-(6-chloro-2,1-benzothiazol-3-yl)butanamide",0.0,CCCC(=O)Nc1snc2cc(Cl)ccc12
"N-(5-chloro-2,1-benzothiazol-3-yl)pentanamide",0.0,CCCCC(=O)Nc1snc2ccc(Cl)cc12
"N-[5-[4-(4-nitroanilino)-3,6-dioxocyclohexa-1,4-dien-1-yl]-1,3,4-thiadiazol-2-yl]benzamide",1.0,O=C1C=C(c2nnc(NC(=O)c3ccccc3)s2)C(O)=C/C1=N\c1ccc([N+](=O)[O-])cc1
"2-methyl-4-(5-nitrofuran-2-yl)-1,3-thiazole",1.0,Cc1nc(-c2ccc([N+](=O)[O-])o2)cs1
"(E)-N,N-dimethyl-3-(5-nitrofuran-2-yl)prop-2-enamide",1.0,CN(C)C(=O)/C=C/c1ccc([N+](=O)[O-])o1
[(E)-3-chloro-4-(diethylamino)-4-oxobut-2-en-2-yl] dimethyl phosphate,1.0,CCN(CC)C(=O)/C(Cl)=C(/C)OP(=O)(OC)OC
"diethyl 2-[[4-[4-[2-(1,3-diethoxy-1,3-dioxopropan-2-ylidene)hydrazinyl]phenyl]phenyl]hydrazinylidene]propanedioate",0.0,CCOC(=O)C(=NNc1ccc(-c2ccc(NN=C(C(=O)OCC)C(=O)OCC)cc2)cc1)C(=O)OCC
"2-acetyl-4,5-dichloropyridazin-3-one",0.0,CC(=O)n1ncc(Cl)c(Cl)c1=O
"2-chloro-N-(6-chloro-2,1-benzothiazol-3-yl)acetamide",1.0,O=C(CCl)Nc1snc2cc(Cl)ccc12
"N-(5-chloro-2,1-benzothiazol-3-yl)-3-methylbutanamide",0.0,CC(C)CC(=O)Nc1snc2ccc(Cl)cc12
"N-(2,1-benzothiazol-3-yl)acetamide",1.0,CC(=O)Nc1snc2ccccc12
4-[(E)-2-(5-nitrofuran-2-yl)ethenyl]benzoic acid,1.0,O=C(O)c1ccc(/C=C/c2ccc([N+](=O)[O-])o2)cc1
"5,7-dimethyl-4-nitro-2,1,3-benzothiadiazole",1.0,Cc1cc(C)c2nsnc2c1[N+](=O)[O-]
tert-butyl (E)-3-(5-nitrofuran-2-yl)prop-2-enoate,1.0,CC(C)(C)OC(=O)/C=C/c1ccc([N+](=O)[O-])o1
(E)-3-(5-nitrofuran-2-yl)prop-2-enoic acid,1.0,O=C(O)/C=C/c1ccc([N+](=O)[O-])o1
ethyl (E)-3-(5-nitrofuran-2-yl)prop-2-enoate,1.0,CCOC(=O)/C=C/c1ccc([N+](=O)[O-])o1
"2-chloro-N-(5-chloro-2,1-benzothiazol-3-yl)acetamide",1.0,O=C(CCl)Nc1snc2ccc(Cl)cc12
"N-(5-chloro-2,1-benzothiazol-3-yl)butanamide",0.0,CCCC(=O)Nc1snc2ccc(Cl)cc12
"N-(2,1-benzothiazol-3-yl)butanamide",0.0,CCCC(=O)Nc1snc2ccccc12
"N-(5-methyl-2,1-benzothiazol-3-yl)butanamide",0.0,CCCC(=O)Nc1snc2ccc(C)cc12
"N-(2,1-benzothiazol-3-yl)-2-chloroacetamide",1.0,O=C(CCl)Nc1snc2ccccc12
"2-(benzenesulfonyl)-4,5-dichloropyridazin-3-one",0.0,O=c1c(Cl)c(Cl)cnn1S(=O)(=O)c1ccccc1
4-bromo-3-(bromomethyl)-2H-furan-5-one,1.0,O=C1OCC(CBr)=C1Br
methyl (Z)-3-(5-bromofuran-2-yl)-2-nitroprop-2-enoate,0.0,COC(=O)/C(=C/c1ccc(Br)o1)[N+](=O)[O-]
"4-(5-nitrothiophen-2-yl)-1,3-thiazol-2-amine",1.0,Nc1nc(-c2ccc([N+](=O)[O-])s2)cs1
"1-(2-chloroethyl)-3-(5-nitro-1,3-thiazol-2-yl)urea",1.0,O=C(NCCCl)Nc1ncc([N+](=O)[O-])s1
"N-[3-(5-nitrofuran-2-yl)-6H-1,2,4-oxadiazin-5-yl]acetamide",1.0,CC(=O)NC1=NC(c2ccc([N+](=O)[O-])o2)=NOC1
pentyl (E)-3-(5-nitrofuran-2-yl)prop-2-enoate,1.0,CCCCCOC(=O)/C=C/c1ccc([N+](=O)[O-])o1
"methyl 5-(acetyloxyamino)-3,4-diphenylfuran-2-carboxylate",0.0,COC(=O)c1oc(NOC(C)=O)c(-c2ccccc2)c1-c1ccccc1
"2-chloro-N-(5-methyl-2,1-benzothiazol-3-yl)acetamide",1.0,Cc1ccc2nsc(NC(=O)CCl)c2c1
(E)-3-(5-nitrofuran-2-yl)prop-2-enal,1.0,O=C/C=C/c1ccc([N+](=O)[O-])o1
"3,4-dichloro-5-(dichloromethylidene)furan-2-one",1.0,O=C1OC(=C(Cl)Cl)C(Cl)=C1Cl
"N-(2,1-benzothiazol-3-yl)-1-(5-nitrofuran-2-yl)methanimine",1.0,O=[N+]([O-])c1ccc(/C=N/c2snc3ccccc23)o1
3-(bromomethyl)-4-chloro-2H-furan-5-one,1.0,O=C1OCC(CBr)=C1Cl
"3,4-dichloro-2H-furan-5-one",1.0,O=C1OCC(Cl)=C1Cl
[(1S)-1-phenylethyl] (Z)-3-dimethoxyphosphoryloxybut-2-enoate,0.0,COP(=O)(OC)O/C(C)=C\C(=O)O[C@@H](C)c1ccccc1
"N-(2,1-benzothiazol-3-yl)-N-methylacetamide",0.0,CC(=O)N(C)c1snc2ccccc12
"4,5-dihydro-[1,3]thiazolo[4,5-f]quinoline",0.0,c1cnc2c(c1)-c1ncsc1CC2
(E)-N-(2-methylpropyl)-3-(5-nitrofuran-2-yl)prop-2-enamide,1.0,CC(C)CNC(=O)/C=C/c1ccc([N+](=O)[O-])o1
"N-(2,1-benzothiazol-3-yl)benzamide",1.0,O=C(Nc1snc2ccccc12)c1ccccc1
"N-ethyl-2,1-benzothiazol-3-amine",0.0,CCNc1snc2ccccc12
"4-[(Z)-2-(5-nitrofuran-2-yl)ethenyl]-1,3-thiazol-2-amine",1.0,Nc1nc(/C=C\c2ccc([N+](=O)[O-])o2)cs1
"N-[4-[(Z)-2-(5-nitrofuran-2-yl)ethenyl]-1,3-thiazol-2-yl]acetamide",1.0,CC(=O)Nc1nc(/C=C\c2ccc([N+](=O)[O-])o2)cs1
methyl (E)-3-(5-nitrofuran-2-yl)prop-2-enoate,1.0,COC(=O)/C=C/c1ccc([N+](=O)[O-])o1
"N-propan-2-yl-2,1-benzothiazol-3-amine",0.0,CC(C)Nc1snc2ccccc12
"3-methoxy-8,9,10,11-tetrahydro-7H-indolo[3,2-c]quinoline-1,4-dione",1.0,COC1=CC(=O)c2c3nc4c(c-3c[nH]c2C1=O)CCCC4
propyl (E)-3-(5-nitrofuran-2-yl)prop-2-enoate,1.0,CCCOC(=O)/C=C/c1ccc([N+](=O)[O-])o1
ethyl 3-[(4-nitrophenyl)methylideneamino]-1H-indole-2-carboxylate,1.0,CCOC(=O)c1[nH]c2ccccc2c1/N=C/c1ccc([N+](=O)[O-])cc1
"methyl 5-(hydroxyamino)-3,4-diphenylfuran-2-carboxylate",0.0,COC(=O)c1oc(NO)c(-c2ccccc2)c1-c1ccccc1
"methyl 5-amino-3,4-dichlorofuran-2-carboxylate",0.0,COC(=O)c1oc(N)c(Cl)c1Cl
"7-nitro-2,1-benzothiazole",1.0,O=[N+]([O-])c1cccc2csnc12
"4,5-dihydro-[1,3]thiazolo[4,5-f]quinolin-2-amine",1.0,Nc1nc2c(s1)CCc1ncccc1-2
5-carbamoyl-1H-imidazole-4-diazonium,1.0,N#[N+]c1nc[nH]c1C(N)=O
(Z)-1-(5-nitrofuran-2-yl)-N-pyrazol-1-ylmethanimine,1.0,O=[N+]([O-])c1ccc(/C=N/n2cccn2)o1
(Z)-3-(5-nitrofuran-2-yl)-N-propan-2-ylprop-2-enamide,1.0,CC(C)NC(=O)/C=C\c1ccc([N+](=O)[O-])o1
propan-2-yl (E)-3-(5-nitrofuran-2-yl)prop-2-enoate,1.0,CC(C)OC(=O)/C=C/c1ccc([N+](=O)[O-])o1
(E)-N-butyl-3-(5-nitrofuran-2-yl)prop-2-enamide,1.0,CCCCNC(=O)/C=C/c1ccc([N+](=O)[O-])o1
1-phenylethyl (E)-3-dimethoxyphosphoryloxybut-2-enoate,0.0,COP(=O)(OC)O/C(C)=C/C(=O)OC(C)c1ccccc1
1-(5-nitro-1H-pyrrol-2-yl)ethanone,1.0,CC(=O)c1ccc([N+](=O)[O-])[nH]1
"N-(2,1-benzothiazol-3-yl)propanamide",0.0,CCC(=O)Nc1snc2ccccc12
1-(5-nitrothiophen-2-yl)ethanone,1.0,CC(=O)c1ccc([N+](=O)[O-])s1
"N-[4-(4-nitrothiophen-2-yl)-1,3-thiazol-2-yl]formamide",1.0,O=CNc1nc(-c2cc([N+](=O)[O-])cs2)cs1
"N-propyl-2,1-benzothiazol-3-amine",0.0,CCCNc1snc2ccccc12
(E)-3-(5-nitrofuran-2-yl)-N-pentylprop-2-enamide,1.0,CCCCCNC(=O)/C=C/c1ccc([N+](=O)[O-])o1
"4,5-dichloro-2-methylsulfonylpyridazin-3-one",1.0,CS(=O)(=O)n1ncc(Cl)c(Cl)c1=O
"1-[(2R,4S,5R)-4-hydroxy-5-(hydroxymethyl)oxolan-2-yl]-5-(trifluoromethyl)pyrimidine-2,4-dione",1.0,O=c1[nH]c(=O)n([C@H]2C[C@H](O)[C@@H](CO)O2)cc1C(F)(F)F
"2-(cyclohexanecarbonyl)-3,6,7,11b-tetrahydro-1H-pyrazino[2,1-a]isoquinolin-4-one",0.0,O=C(C1CCCCC1)N1CC(=O)N2CCc3ccccc3C2C1
diethyl 2-dimethoxyphosphinothioylsulfanylbutanedioate,0.0,CCOC(=O)CC(SP(=S)(OC)OC)C(=O)OCC
"10,11-dimethoxy-4a,5,5a,7,8,13a,15,15a,15b,16-decahydro-2H-4,6-methanoindolo[3,2,1-ij]oxepino[2,3,4-de]pyrrolo[2,3-h]quinolin-14-one",0.0,COc1cc2c(cc1OC)C13CCN4CC5=CCOC6CC(=O)N2C1C6C5CC43
"[7-(2-methylbut-2-enoyloxy)-5,6,7,8-tetrahydro-3H-pyrrolizin-1-yl]methyl 2,3-dihydroxy-2-(1-methoxyethyl)-3-methylbutanoate",1.0,CC=C(C)C(=O)OC1CCN2CC=C(COC(=O)C(O)(C(C)OC)C(C)(C)O)C12
"7-hydroxy-3',6,7,14-tetramethylspiro[2,9-dioxa-14-azabicyclo[9.5.1]heptadec-11-ene-4,2'-oxirane]-3,8,17-trione",1.0,CC1CC2(OC2C)C(=O)OC2CCN(C)CC=C(COC(=O)C1(C)O)C2=O
"4-ethylidene-7-hydroxy-7-(hydroxymethyl)-6-methyl-14-oxido-2,9-dioxa-14-azoniatricyclo[9.5.1.014,17]heptadec-11-ene-3,8-dione",0.0,CC=C1CC(C)C(O)(CO)C(=O)OCC2=CC[N+]3([O-])CCC(OC1=O)C23
"4-ethylidene-7-hydroxy-7-(hydroxymethyl)-6-methylidene-2,9-dioxa-14-azatricyclo[9.5.1.014,17]heptadec-11-ene-3,8-dione",1.0,C=C1CC(=CC)C(=O)OC2CCN3CC=C(COC(=O)C1(O)CO)C23
"4-ethylidene-7-hydroxy-7-methyl-6-methylidene-2,9-dioxa-14-azatricyclo[9.5.1.014,17]heptadec-11-ene-3,8-dione",1.0,C=C1CC(=CC)C(=O)OC2CCN3CC=C(COC(=O)C1(C)O)C23
"5,6-dihydroxy-4,5,6-trimethyl-2,8-dioxa-13-azatricyclo[8.5.1.013,16]hexadec-10-ene-3,7-dione",0.0,CC1C(=O)OC2CCN3CC=C(COC(=O)C(C)(O)C1(C)O)C23
"(7-hydroxy-5,6,7,8-tetrahydro-3H-pyrrolizin-1-yl)methyl 2-hydroxy-2-(1-hydroxyethyl)-3-methylbutanoate",0.0,CC(C)C(O)(C(=O)OCC1=CCN2CCC(O)C12)C(C)O
"12,14-dihydroxy-1,9-dimethyl-4-methylidene-6,13-dioxatricyclo[8.4.0.03,7]tetradecan-5-one",1.0,C=C1C(=O)OC2CC(C)C3CC(O)OC(O)C3(C)CC12
"11-[4-(dimethylamino)-3-hydroxy-6-methyloxan-2-yl]oxy-2-ethyl-3,4,10-trihydroxy-13-(5-hydroxy-4-methoxy-4,6-dimethyloxan-2-yl)oxy-3,5,6,8,10,12,14-heptamethyl-1-oxa-6-azacyclopentadecan-15-one",0.0,CCC1OC(=O)C(C)C(OC2CC(C)(OC)C(O)C(C)O2)C(C)C(OC2OC(C)CC(N(C)C)C2O)C(C)(O)CC(C)CN(C)C(C)C(O)C1(C)O
"5-bromo-1-[4-hydroxy-5-(hydroxymethyl)oxolan-2-yl]pyrimidine-2,4-dione",0.0,O=c1[nH]c(=O)n(C2CC(O)C(CO)O2)cc1Br
"2,2-dichloro-N-[1,3-dihydroxy-1-(4-nitrophenyl)propan-2-yl]acetamide",0.0,O=C(NC(CO)C(O)c1ccc([N+](=O)[O-])cc1)C(Cl)Cl
"2-[2,3-dihydro-1H-inden-2-yl-[2-[(1-ethoxy-1-oxo-4-phenylbutan-2-yl)amino]propanoyl]amino]acetic acid",0.0,CCOC(=O)C(CCc1ccccc1)NC(C)C(=O)N(CC(=O)O)C1Cc2ccccc2C1
"5-[(7,8-dihydroxy-2-methyl-4,4a,6,7,8,8a-hexahydropyrano[3,2-d][1,3]dioxin-6-yl)oxy]-9-(4-hydroxy-3,5-dimethoxyphenyl)-5a,6,8a,9-tetrahydro-5H-[2]benzofuro[6,5-f][1,3]benzodioxol-8-one",0.0,COc1cc(C2c3cc4c(cc3C(OC3OC5COC(C)OC5C(O)C3O)C3COC(=O)C23)OCO4)cc(OC)c1O
1-(2-chloroethyl)-3-(1-diethoxyphosphorylethyl)-1-nitrosourea,1.0,CCOP(=O)(OCC)C(C)NC(=O)N(CCCl)N=O
"3-[(2,4-dihydroxy-3,3-dimethylbutanoyl)amino]propanoic acid",0.0,CC(C)(CO)C(O)C(=O)NCCC(=O)O
"methyl 6,18-dimethoxy-17-(3,4,5-trimethoxybenzoyl)oxy-1,3,11,12,14,15,16,17,18,19,20,21-dodecahydroyohimban-19-carboxylate",0.0,COC(=O)C1C2CC3c4[nH]c5cc(OC)ccc5c4CCN3CC2CC(OC(=O)c2cc(OC)c(OC)c(OC)c2)C1OC
"(9-methyl-3-oxa-9-azatricyclo[3.3.1.02,4]nonan-7-yl) 3-hydroxy-2-phenylpropanoate",0.0,CN1C2CC(OC(=O)C(CO)c3ccccc3)CC1C1OC12
"2-(1,8-diethyl-4,9-dihydro-3H-pyrano[3,4-b]indol-1-yl)acetic acid",0.0,CCc1cccc2c3c([nH]c12)C(CC)(CC(=O)O)OCC3
"7-[2-(4-fluorophenyl)-3-phenyl-4-(phenylcarbamoyl)-5-propan-2-ylpyrrol-1-yl]-3,5-dihydroxyheptanoic acid",0.0,CC(C)c1c(C(=O)Nc2ccccc2)c(-c2ccccc2)c(-c2ccc(F)cc2)n1CCC(O)CC(O)CC(=O)O
"7-(4-amino-5-hydroxy-6-methyloxan-2-yl)oxy-6,9,11-trihydroxy-9-(2-hydroxyacetyl)-4-methoxy-8,10-dihydro-7H-tetracene-5,12-dione",1.0,COc1cccc2c1C(=O)c1c(O)c3c(c(O)c1C2=O)CC(O)(C(=O)CO)CC3OC1CC(N)C(O)C(C)O1
"1-[4-hydroxy-5-(hydroxymethyl)oxolan-2-yl]-5-methylpyrimidine-2,4-dione",0.0,Cc1cn(C2CC(O)C(CO)O2)c(=O)[nH]c1=O
2-[(2-methyl-2-sulfanylpropanoyl)amino]-3-sulfanylpropanoic acid,0.0,CC(C)(S)C(=O)NC(CS)C(=O)O
2-amino-5-[[1-(carboxymethylamino)-1-oxo-3-sulfanylpropan-2-yl]amino]-5-oxopentanoic acid,1.0,NC(CCC(=O)NC(CS)C(=O)NCC(=O)O)C(=O)O
1-[6-amino-2-[(1-carboxy-3-phenylpropyl)amino]hexanoyl]pyrrolidine-2-carboxylic acid,0.0,NCCCCC(NC(CCc1ccccc1)C(=O)O)C(=O)N1CCCC1C(=O)O
"3-methyl-4,4,7-trioxo-3-(triazol-1-ylmethyl)-4lambda6-thia-1-azabicyclo[3.2.0]heptane-2-carboxylic acid",0.0,CC1(Cn2ccnn2)C(C(=O)O)N2C(=O)CC2S1(=O)=O
"1-[2-[(1-ethoxy-1-oxo-4-phenylbutan-2-yl)amino]propanoyl]-2,3,3a,4,5,6,7,7a-octahydroindole-2-carboxylic acid",0.0,CCOC(=O)C(CCc1ccccc1)NC(C)C(=O)N1C(C(=O)O)CC2CCCCC21
"N-tert-butyl-3-[2-hydroxy-3-[[2-[(2-isoquinolin-5-yloxyacetyl)amino]-3-methylsulfanylpropanoyl]amino]-4-phenylbutanoyl]-1,3-thiazolidine-4-carboxamide",0.0,CSCC(NC(=O)COc1cccc2cnccc12)C(=O)NC(Cc1ccccc1)C(O)C(=O)N1CSCC1C(=O)NC(C)(C)C
methyl 2-phenyl-2-piperidin-2-ylacetate,0.0,COC(=O)C(c1ccccc1)C1CCCCN1
(2S)-1-[(2S)-6-amino-2-[[(1S)-1-carboxy-3-phenylpropyl]amino]hexanoyl]pyrrolidine-2-carboxylic acid,0.0,NCCCC[C@H](N[C@@H](CCc1ccccc1)C(=O)O)C(=O)N1CCC[C@H]1C(=O)O
"1-[4-azido-5-(hydroxymethyl)oxolan-2-yl]-5-methylpyrimidine-2,4-dione",1.0,Cc1cn(C2CC(N=[N+]=[N-])C(CO)O2)c(=O)[nH]c1=O
"1-methyl-1-nitroso-3-[2,4,5-trihydroxy-6-(hydroxymethyl)oxan-3-yl]urea",1.0,CN(N=O)C(=O)NC1C(O)OC(CO)C(O)C1O
"3,3-dimethyl-7-oxo-6-[(2-phenylacetyl)amino]-4-thia-1-azabicyclo[3.2.0]heptane-2-carboxylic acid",0.0,CC1(C)SC2C(NC(=O)Cc3ccccc3)C(=O)N2C1C(=O)O
"1-[4-hydroxy-5-(hydroxymethyl)oxolan-2-yl]-5-iodopyrimidine-2,4-dione",0.0,O=c1[nH]c(=O)n(C2CC(O)C(CO)O2)cc1I
"3-methyl-2,4,4a,7,7a,13-hexahydro-1H-4,12-methanobenzofuro[3,2-e]isoquinoline-7,9-diol",0.0,CN1CCC23c4c5ccc(O)c4OC2C(O)C=CC3C1C5
"9-methoxy-3-methyl-2,4,4a,7,7a,13-hexahydro-1H-4,12-methanobenzofuro[3,2-e]isoquinolin-7-ol",0.0,COc1ccc2c3c1OC1C(O)C=CC4C(C2)N(C)CCC341
"3-hydroxy-4,12-dimethoxy-17-methyl-17-azatetracyclo[7.5.3.01,10.02,7]heptadeca-2(7),3,5,11-tetraen-13-one",0.0,COC1=CC2C3Cc4ccc(OC)c(O)c4C2(CCN3C)CC1=O
"5-hydroxy-2-(3-hydroxy-4-methoxyphenyl)-7-[3,4,5-trihydroxy-6-[(3,4,5-trihydroxy-6-methyloxan-2-yl)oxymethyl]oxan-2-yl]oxy-2,3-dihydrochromen-4-one",0.0,COc1ccc(C2CC(=O)c3c(O)cc(OC4OC(COC5OC(C)C(O)C(O)C5O)C(O)C(O)C4O)cc3O2)cc1O
"[6-[6-(butanoylamino)purin-9-yl]-2-hydroxy-2-oxo-4a,6,7,7a-tetrahydro-4H-furo[3,2-d][1,3,2]dioxaphosphinin-7-yl] butanoate",0.0,CCCC(=O)Nc1ncnc2c1ncn2C1OC2COP(=O)(O)OC2C1OC(=O)CCC
"(11-amino-7-methoxy-12-methyl-10,13-dioxo-2,5-diazatetracyclo[7.4.0.02,7.04,6]trideca-1(9),11-dien-8-yl)methyl carbamate",1.0,COC12C(COC(N)=O)C3=C(C(=O)C(C)=C(N)C3=O)N1CC1NC12
"6-[[2-[(4-ethyl-2,3-dioxopiperazine-1-carbonyl)amino]-2-phenylacetyl]amino]-3,3-dimethyl-7-oxo-4-thia-1-azabicyclo[3.2.0]heptane-2-carboxylic acid",0.0,CCN1CCN(C(=O)NC(C(=O)NC2C(=O)N3C2SC(C)(C)C3C(=O)O)c2ccccc2)C(=O)C1=O
"1-[4-hydroxy-5-(hydroxymethyl)oxolan-2-yl]-5-(trifluoromethyl)pyrimidine-2,4-dione",1.0,O=c1[nH]c(=O)n(C2CC(O)C(CO)O2)cc1C(F)(F)F
"7-hydroxy-11-(hydroxymethyl)-15-methyl-12,13-dithia-9,15-diazatetracyclo[9.2.2.01,9.03,8]pentadeca-3,5-diene-10,14-dione",0.0,CN1C(=O)C23CC4=CC=CC(O)C4N2C(=O)C1(CO)SS3
"6-[(2-amino-2-phenylacetyl)amino]-3,3-dimethyl-7-oxo-4-thia-1-azabicyclo[3.2.0]heptane-2-carboxylic acid",0.0,CC1(C)SC2C(NC(=O)C(N)c3ccccc3)C(=O)N2C1C(=O)O
"5,12-dihydroxy-11-methyl-6-methylidene-16-oxo-15-oxapentacyclo[9.3.2.15,8.01,10.02,8]heptadec-13-ene-9-carboxylic acid",0.0,C=C1CC23CC1(O)CCC2C12C=CC(O)C(C)(C(=O)O1)C2C3C(=O)O
"tributyl 2-acetyloxypropane-1,2,3-tricarboxylate",0.0,CCCCOC(=O)CC(CC(=O)OCCCC)(OC(C)=O)C(=O)OCCCC
"3,3-dimethyl-7-oxo-6-[(2-phenoxyacetyl)amino]-4-thia-1-azabicyclo[3.2.0]heptane-2-carboxylic acid",0.0,CC1(C)SC2C(NC(=O)COc3ccccc3)C(=O)N2C1C(=O)O
"4-acetyl-2-butan-2-yl-3-hydroxy-1,2-dihydropyrrol-5-one",0.0,CCC(C)C1NC(=O)C(C(C)=O)=C1O
"(6-acetyloxy-2,5-dioxo-3,3a,6,6a-tetrahydrofuro[3,2-b]furan-3-yl) acetate",0.0,CC(=O)OC1C(=O)OC2C(OC(C)=O)C(=O)OC12
"methyl 4-[4-(dimethylamino)-5-hydroxy-6-methyloxan-2-yl]oxy-2-ethyl-2,5,7,10-tetrahydroxy-6,11-dioxo-3,4-dihydro-1H-tetracene-1-carboxylate",1.0,CCC1(O)CC(OC2CC(N(C)C)C(O)C(C)O2)c2c(cc3c(c2O)C(=O)c2c(O)ccc(O)c2C3=O)C1C(=O)OC
"6-chloro-2,3-dihydroxy-7,8-dimethoxy-10,14,18-trimethyl-15,16-dithia-10,12,18-triazapentacyclo[12.2.2.01,12.03,11.04,9]octadeca-4,6,8-triene-13,17-dione",0.0,COc1c(Cl)cc2c(c1OC)N(C)C1N3C(=O)C4(C)SSC3(C(=O)N4C)C(O)C21O
diethyl 2-dimethoxyphosphorylsulfanylbutanedioate,0.0,CCOC(=O)CC(SP(=O)(OC)OC)C(=O)OCC
3-[[2-[[2-amino-3-(1H-indol-3-yl)propanoyl]amino]-4-methylsulfanylbutanoyl]amino]-4-[(1-amino-1-oxo-3-phenylpropan-2-yl)amino]-4-oxobutanoic acid,0.0,CSCCC(NC(=O)C(N)Cc1c[nH]c2ccccc12)C(=O)NC(CC(=O)O)C(=O)NC(Cc1ccccc1)C(N)=O
diethyl 2-[methoxy(methylsulfanyl)phosphoryl]sulfanylbutanedioate,0.0,CCOC(=O)CC(SP(=O)(OC)SC)C(=O)OCC
"[5-(2,4-dioxopyrimidin-1-yl)-3,4-dihydroxyoxolan-2-yl]methyl dihydrogen phosphate",0.0,O=c1ccn(C2OC(COP(=O)(O)O)C(O)C2O)c(=O)[nH]1
"4-[2-[(2,2-dichloroacetyl)amino]-3-hydroxy-3-(4-nitrophenyl)propoxy]-4-oxobutanoic acid",0.0,O=C(O)CCC(=O)OCC(NC(=O)C(Cl)Cl)C(O)c1ccc([N+](=O)[O-])cc1
"4-(hydroxymethyl)-10-imino-3,7-dioxa-1,9-diazatricyclo[6.4.0.02,6]dodeca-8,11-dien-5-ol",0.0,N=c1ccn2c(n1)OC1C(O)C(CO)OC12
"5-acetyl-4-hydroxy-8,8-dimethyl-7,16-diazapentacyclo[9.6.1.02,9.03,7.015,18]octadeca-1(17),4,11(18),12,14-pentaen-6-one",1.0,CC(=O)C1=C(O)C2C3c4c[nH]c5cccc(c45)CC3C(C)(C)N2C1=O
"1-methyl-1-nitroso-3-(3,4,5,6-tetrahydroxy-1-oxohexan-2-yl)urea",1.0,CN(N=O)C(=O)NC(C=O)C(O)C(O)C(O)CO
"13-hydroxy-2,7,12,13-tetramethyl-10,14-dioxatetracyclo[7.5.1.02,6.012,15]pentadec-4-ene-3,11-dione",0.0,CC1CC2OC(=O)C3(C)C2C(OC3(C)O)C2(C)C(=O)C=CC12
"2-[[2-(2,4-dichlorophenoxy)acetyl]amino]butanedioic acid",0.0,O=C(O)CC(NC(=O)COc1ccc(Cl)cc1Cl)C(=O)O
"2-(1-ethyl-8-methyl-4,9-dihydro-3H-pyrano[3,4-b]indol-1-yl)acetic acid",0.0,CCC1(CC(=O)O)OCCc2c1[nH]c1c(C)cccc21
"2-[[2-(2,4-dichlorophenoxy)acetyl]amino]propanoic acid",0.0,CC(NC(=O)COc1ccc(Cl)cc1Cl)C(=O)O
"(1-methylpiperidin-4-yl) 2,2-diphenyl-2-propoxyacetate",0.0,CCCOC(C(=O)OC1CCN(C)CC1)(c1ccccc1)c1ccccc1
"1-(2-chloroethyl)-1-nitroso-3-(3,4,5,6-tetrahydroxy-1-oxohexan-2-yl)urea",1.0,O=CC(NC(=O)N(CCCl)N=O)C(O)C(O)C(O)CO
"methyl 4-[4-(dimethylamino)-5-hydroxy-6-methyloxan-2-yl]oxy-2-ethyl-2,5,7-trihydroxy-6,11-dioxo-3,4-dihydro-1H-tetracene-1-carboxylate",1.0,CCC1(O)CC(OC2CC(N(C)C)C(O)C(C)O2)c2c(cc3c(c2O)C(=O)c2c(O)cccc2C3=O)C1C(=O)OC
"methyl 4-[5-(4,5-dihydroxy-6-methyloxan-2-yl)oxy-4-(dimethylamino)-6-methyloxan-2-yl]oxy-2-ethyl-2,5,7,10-tetrahydroxy-6,11-dioxo-3,4-dihydro-1H-tetracene-1-carboxylate",1.0,CCC1(O)CC(OC2CC(N(C)C)C(OC3CC(O)C(O)C(C)O3)C(C)O2)c2c(cc3c(c2O)C(=O)c2c(O)ccc(O)c2C3=O)C1C(=O)OC
2-[(2-methyl-2-methylsulfanylpropanoyl)amino]-3-sulfanylpropanoic acid,0.0,CSC(C)(C)C(=O)NC(CS)C(=O)O
7-[[2-(2-amino-2-carboxyethyl)sulfanylacetyl]amino]-7-methoxy-3-[(1-methyltetrazol-5-yl)sulfanylmethyl]-8-oxo-5-thia-1-azabicyclo[4.2.0]oct-2-ene-2-carboxylic acid,0.0,COC1(NC(=O)CSCC(N)C(=O)O)C(=O)N2C(C(=O)O)=C(CSc3nnnn3C)CSC21
"(5-methyl-2-oxo-1,3-dioxol-4-yl)methyl 6-[(2-amino-2-phenylacetyl)amino]-3,3-dimethyl-7-oxo-4-thia-1-azabicyclo[3.2.0]heptane-2-carboxylate",0.0,Cc1oc(=O)oc1COC(=O)C1N2C(=O)C(NC(=O)C(N)c3ccccc3)C2SC1(C)C
"2-(2-hydroxyphenyl)-3-(3-sulfanylpropanoyl)-1,3-thiazolidine-4-carboxylic acid",0.0,O=C(O)C1CSC(c2ccccc2O)N1C(=O)CCS
"[8-[2-hydroxy-3-(propan-2-ylamino)propoxy]-3,4-dihydro-2H-chromen-3-yl] nitrate",0.0,CC(C)NCC(O)COc1cccc2c1OCC(O[N+](=O)[O-])C2
"7,7-dimethyl-6-oxo-1,2,5-dithiazepane-4-carboxylic acid",0.0,CC1(C)SSCC(C(=O)O)NC1=O
"2-(1,8-diethyl-6-hydroxy-4,9-dihydro-3H-pyrano[3,4-b]indol-1-yl)acetic acid",1.0,CCc1cc(O)cc2c3c([nH]c12)C(CC)(CC(=O)O)OCC3
"2-[1-ethyl-8-(1-hydroxyethyl)-4,9-dihydro-3H-pyrano[3,4-b]indol-1-yl]acetic acid",0.0,CCC1(CC(=O)O)OCCc2c1[nH]c1c(C(C)O)cccc21
(2-pyrrolidin-1-ylcyclohexyl) N-(3-pentoxyphenyl)carbamate,0.0,CCCCCOc1cccc(NC(=O)OC2CCCCC2N2CCCC2)c1
"4-[(3,4-dichlorobenzoyl)amino]-5-[3-methoxypropyl(pentyl)amino]-5-oxopentanoic acid",0.0,CCCCCN(CCCOC)C(=O)C(CCC(=O)O)NC(=O)c1ccc(Cl)c(Cl)c1
"6-fluoro-1-methyl-7-[4-[(5-methyl-2-oxo-1,3-dioxol-4-yl)methyl]piperazin-1-yl]-4-oxo-1H-[1,3]thiazeto[3,2-a]quinoline-3-carboxylic acid",0.0,Cc1oc(=O)oc1CN1CCN(c2cc3c(cc2F)c(=O)c(C(=O)O)c2n3C(C)S2)CC1
ethyl 3-[[4-methyl-1-(3-methylbutylamino)-1-oxopentan-2-yl]carbamoyl]oxirane-2-carboxylate,0.0,CCOC(=O)C1OC1C(=O)NC(CC(C)C)C(=O)NCCC(C)C
2-[(1-acetylpyrrolidine-2-carbonyl)-nitrosoamino]acetic acid,1.0,CC(=O)N1CCCC1C(=O)N(CC(=O)O)N=O
"1-[4-[(2S,3R,4S,5S,6R)-4,5-dihydroxy-6-(hydroxymethyl)-3-[(2S,3R,4R,5R,6S)-3,4,5-trihydroxy-6-methyloxan-2-yl]oxyoxan-2-yl]oxy-2,6-dihydroxyphenyl]-3-(3-hydroxy-4-methoxyphenyl)propan-1-one",0.0,COc1ccc(CCC(=O)c2c(O)cc(O[C@@H]3O[C@H](CO)[C@@H](O)[C@H](O)[C@H]3O[C@@H]3O[C@@H](C)[C@H](O)[C@@H](O)[C@H]3O)cc2O)cc1O
"[4-(hydroxymethyl)-2-(1-methyl-5-nitroimidazol-2-yl)-1,3-oxazolidin-4-yl]methanol",1.0,Cn1c([N+](=O)[O-])cnc1C1NC(CO)(CO)CO1
"2,3,4,9-tetrahydro-1H-pyrido[3,4-b]indole-3-carboxylic acid",0.0,O=C(O)C1Cc2c([nH]c3ccccc23)CN1
2-[[2-[[2-[(2-aminoacetyl)amino]acetyl]amino]-3-phenylpropanoyl]amino]-4-methylpentanoic acid,0.0,CC(C)CC(NC(=O)C(Cc1ccccc1)NC(=O)CNC(=O)CN)C(=O)O
"(1R,4Z,6S,7S,14S,17R)-4-ethylidene-7-hydroxy-7-(hydroxymethyl)-6-methyl-14-oxido-2,9-dioxa-14-azoniatricyclo[9.5.1.014,17]heptadec-11-ene-3,8-dione",0.0,C/C=C1/C[C@H](C)[C@](O)(CO)C(=O)OCC2=CC[N@@+]3([O-])CC[C@@H](OC1=O)[C@@H]23
2-amino-5-[[1-(carboxymethylamino)-3-(2-chloroethylcarbamoylsulfanyl)-1-oxopropan-2-yl]amino]-5-oxopentanoic acid,1.0,NC(CCC(=O)NC(CSC(=O)NCCCl)C(=O)NCC(=O)O)C(=O)O
"6-[(3,8-dimethylimidazo[4,5-f]quinoxalin-2-yl)amino]-3,4,5-trihydroxyoxane-2-carboxylic acid",0.0,Cc1cnc2ccc3c(nc(NC4OC(C(=O)O)C(O)C(O)C4O)n3C)c2n1
"2-[[2-(2,4-dichlorophenoxy)acetyl]amino]-4-methylsulfanylbutanoic acid",0.0,CSCCC(NC(=O)COc1ccc(Cl)cc1Cl)C(=O)O
"(11bS)-2-(cyclohexanecarbonyl)-3,6,7,11b-tetrahydro-1H-pyrazino[2,1-a]isoquinolin-4-one",0.0,O=C(C1CCCCC1)N1CC(=O)N2CCc3ccccc3[C@H]2C1
"6-amino-2-[[2-(2,6-diaminohexanoylamino)-3-(1H-indol-3-yl)propanoyl]amino]hexanoic acid",0.0,NCCCCC(N)C(=O)NC(Cc1c[nH]c2ccccc12)C(=O)NC(CCCCN)C(=O)O
1-(2-chloroethyl)-3-[(1S)-1-diethoxyphosphorylethyl]-1-nitrosourea,1.0,CCOP(=O)(OCC)[C@@H](C)NC(=O)N(CCCl)N=O
"(1S,4R,5R,6R,16R)-5,6-dihydroxy-4,5,6-trimethyl-2,8-dioxa-13-azatricyclo[8.5.1.013,16]hexadec-10-ene-3,7-dione",0.0,C[C@H]1C(=O)O[C@H]2CCN3CC=C(COC(=O)[C@](C)(O)[C@]1(C)O)[C@H]23
"3-[3-[[3-[4-carboxy-2-(2-hydroxyphenyl)-1,3-thiazolidin-3-yl]-3-oxopropyl]disulfanyl]propanoyl]-2-(2-hydroxyphenyl)-1,3-thiazolidine-4-carboxylic acid",0.0,O=C(O)C1CSC(c2ccccc2O)N1C(=O)CCSSCCC(=O)N1C(C(=O)O)CSC1c1ccccc1O
2-amino-5-[[1-(carboxymethylamino)-3-(diethylcarbamothioyldisulfanyl)-1-oxopropan-2-yl]amino]-5-oxopentanoic acid,0.0,CCN(CC)C(=S)SSCC(NC(=O)CCC(N)C(=O)O)C(=O)NCC(=O)O
"2-(2-hydroxyphenyl)-3-(3-methylsulfanylpropanoyl)-1,3-thiazolidine-4-carboxylic acid",0.0,CSCCC(=O)N1C(C(=O)O)CSC1c1ccccc1O
"2,2,5,5-tetramethyl-1-oxo-N-(1,3,4-trihydroxybutan-2-yl)pyrrolidin-1-ium-3-carboxamide",0.0,CC1(C)CC(C(=O)NC(CO)C(O)CO)C(C)(C)[N+]1=O
"[(4Z)-4-ethenyl-17-hydroxy-6,7,14-trimethyl-3,8-dioxo-2,9-dioxa-14-azoniatricyclo[9.5.1.014,17]heptadeca-4,11-dien-7-yl] acetate",1.0,C=C/C1=C/C(C)C(C)(OC(C)=O)C(=O)OCC2=CC[N+]3(C)CCC(OC1=O)C23O
"(2R)-2-amino-5-[[(2S)-1-(carboxymethylamino)-3-(2,4-dinitrophenyl)sulfanyl-1-oxopropan-2-yl]amino]-5-oxopentanoic acid",1.0,N[C@H](CCC(=O)N[C@H](CSc1ccc([N+](=O)[O-])cc1[N+](=O)[O-])C(=O)NCC(=O)O)C(=O)O
"7-[[(2E)-2-(2-amino-1,3-thiazol-4-yl)-2-methoxyiminoacetyl]amino]-3-(furan-2-carbonylsulfanylmethyl)-8-oxo-5-thia-1-azabicyclo[4.2.0]oct-2-ene-2-carboxylic acid",0.0,CO/N=C(\C(=O)NC1C(=O)N2C(C(=O)O)=C(CSC(=O)c3ccco3)CSC12)c1csc(N)n1
"2-[2-[19-amino-6-(3,4-dicarboxybutanoyloxy)-16,18-dihydroxy-5,9-dimethylicosan-7-yl]oxy-2-oxoethyl]butanedioic acid",0.0,CCCCC(C)C(OC(=O)CC(CC(=O)O)C(=O)O)C(CC(C)CCCCCCC(O)CC(O)C(C)N)OC(=O)CC(CC(=O)O)C(=O)O
"(2S,4R,5R,6S)-4-(hydroxymethyl)-10-imino-3,7-dioxa-1,9-diazatricyclo[6.4.0.02,6]dodeca-8,11-dien-5-ol",0.0,N=c1ccn2c(n1)O[C@H]1[C@H](O)[C@@H](CO)O[C@@H]12
2-[[(2S)-1-acetylpyrrolidine-2-carbonyl]-nitrosoamino]acetic acid,1.0,CC(=O)N1CCC[C@H]1C(=O)N(CC(=O)O)N=O
[(5-ethenyl-1-azabicyclo[2.2.2]octan-2-yl)-(6-methoxyquinolin-4-yl)methyl] ethyl carbonate,0.0,C=CC1CN2CCC1CC2C(OC(=O)OCC)c1ccnc2ccc(OC)cc12
"[(4S,6S,7R,8R)-11-amino-7-methoxy-12-methyl-10,13-dioxo-2,5-diazatetracyclo[7.4.0.02,7.04,6]trideca-1(9),11-dien-8-yl]methyl carbamate",1.0,CO[C@@]12[C@@H](COC(N)=O)C3=C(C(=O)C(C)=C(N)C3=O)N1C[C@@H]1N[C@@H]12
"2-(2-hydroxyphenyl)-3-(3-methylsulfinylpropanoyl)-1,3-thiazolidine-4-carboxylic acid",0.0,CS(=O)CCC(=O)N1C(C(=O)O)CSC1c1ccccc1O
"3-nitroso-2-(1,2,3,4,5-pentahydroxypentyl)-1,3-thiazolidine-4-carboxylic acid",0.0,O=NN1C(C(=O)O)CSC1C(O)C(O)C(O)C(O)CO
ethyl (2S)-2-[[(2S)-2-[[(2S)-2-amino-3-(4-fluorophenyl)propanoyl]amino]-3-[3-[bis(2-chloroethyl)amino]phenyl]propanoyl]amino]-4-methylsulfanylbutanoate,1.0,CCOC(=O)[C@H](CCSC)NC(=O)[C@H](Cc1cccc(N(CCCl)CCCl)c1)NC(=O)[C@@H](N)Cc1ccc(F)cc1
"5-[(E)-2-bromoethenyl]-1-[4-hydroxy-5-(hydroxymethyl)oxolan-2-yl]pyrimidine-2,4-dione",0.0,O=c1[nH]c(=O)n(C2CC(O)C(CO)O2)cc1/C=C/Br
"5-(3-chloropropyl)-1-[4-hydroxy-5-(hydroxymethyl)oxolan-2-yl]pyrimidine-2,4-dione",0.0,O=c1[nH]c(=O)n(C2CC(O)C(CO)O2)cc1CCCCl
"(1R,4Z,6S,7R,17S)-4-ethylidene-7-hydroxy-7-(hydroxymethyl)-6-methyl-2,9-dioxa-14-azatricyclo[9.5.1.014,17]heptadec-11-ene-3,8-dione",1.0,C/C=C1/C[C@H](C)[C@@](O)(CO)C(=O)OCC2=CCN3CC[C@@H](OC1=O)[C@H]23
methyl 2-acetamido-3-(2-bromo-2-phenylethyl)sulfanylpropanoate,0.0,COC(=O)C(CSCC(Br)c1ccccc1)NC(C)=O
"2-[(1S)-1,8-diethyl-7-hydroxy-4,9-dihydro-3H-pyrano[3,4-b]indol-1-yl]acetic acid",1.0,CCc1c(O)ccc2c3c([nH]c12)[C@](CC)(CC(=O)O)OCC3
"1-[4-hydroxy-5-(hydroxymethyl)oxolan-2-yl]-2,4-dioxopyrimidine-5-carbaldehyde",0.0,O=Cc1cn(C2CC(O)C(CO)O2)c(=O)[nH]c1=O
"methyl 1-methyl-6-nitro-2-nitroso-1,3,4,9-tetrahydropyrido[3,4-b]indole-3-carboxylate",1.0,COC(=O)C1Cc2c([nH]c3ccc([N+](=O)[O-])cc23)C(C)N1N=O
"2-[[2-(2,4,5-trichlorophenoxy)acetyl]amino]pentanedioic acid",0.0,O=C(O)CCC(NC(=O)COc1cc(Cl)c(Cl)cc1Cl)C(=O)O
"1-[(2R,4R,5R)-4-hydroxy-5-(hydroxymethyl)oxolan-2-yl]-5-(hydroxymethyl)pyrimidine-2,4-dione",1.0,O=c1[nH]c(=O)n([C@H]2C[C@@H](O)[C@@H](CO)O2)cc1CO
"2-[(1S)-1,8-diethyl-6-hydroxy-4,9-dihydro-3H-pyrano[3,4-b]indol-1-yl]acetic acid",1.0,CCc1cc(O)cc2c3c([nH]c12)[C@](CC)(CC(=O)O)OCC3
"methyl 6,7-dichloro-5-oxo-3,7a-dihydro-2H-pyrrolo[2,1-b][1,3]thiazole-3-carboxylate",1.0,COC(=O)C1CSC2C(Cl)=C(Cl)C(=O)N12
"1-[(2-hydroxyphenyl)methyl]-2,3,4,9-tetrahydro-1H-pyrido[3,4-b]indole-3-carboxylic acid",0.0,O=C(O)C1Cc2c([nH]c3ccccc23)C(Cc2ccccc2O)N1
[(5-ethenyl-1-azabicyclo[2.2.2]octan-2-yl)-(6-methoxyquinolin-4-yl)methyl] 2-hydroxypropanoate,0.0,C=CC1CN2CCC1CC2C(OC(=O)C(C)O)c1ccnc2ccc(OC)cc12
"2-[2-[19-amino-6-(3,4-dicarboxybutanoyloxy)-11,16,18-trihydroxy-5,9-dimethylicosan-7-yl]oxy-2-oxoethyl]butanedioic acid",0.0,CCCCC(C)C(OC(=O)CC(CC(=O)O)C(=O)O)C(CC(C)CC(O)CCCCC(O)CC(O)C(C)N)OC(=O)CC(CC(=O)O)C(=O)O
"1-methyl-2,3,4,9-tetrahydro-1H-pyrido[3,4-b]indole-3-carboxylic acid",0.0,CC1NC(C(=O)O)Cc2c1[nH]c1ccccc21
"2-[[2-(2,4-dichlorophenoxy)acetyl]amino]-4-methylpentanoic acid",0.0,CC(C)CC(NC(=O)COc1ccc(Cl)cc1Cl)C(=O)O
"4-methyl-2-[[2-(2,4,5-trichlorophenoxy)acetyl]amino]pentanoic acid",0.0,CC(C)CC(NC(=O)COc1cc(Cl)c(Cl)cc1Cl)C(=O)O
"4-[[(6S,7aS)-6-azido-2-(3,5-dichlorophenyl)-1,3-dioxo-6,7-dihydro-5H-pyrrolo[1,2-c]imidazol-7a-yl]methyl]benzonitrile",1.0,N#Cc1ccc(C[C@@]23C[C@H](N=[N+]=[N-])CN2C(=O)N(c2cc(Cl)cc(Cl)c2)C3=O)cc1
"4-[(2S,3S)-2-[(2,2-dichloroacetyl)amino]-3-hydroxy-3-(4-nitrophenyl)propoxy]-4-oxobutanoic acid",0.0,O=C(O)CCC(=O)OC[C@H](NC(=O)C(Cl)Cl)[C@@H](O)c1ccc([N+](=O)[O-])cc1
3-azido-2-[(2-methylpropan-2-yl)oxycarbonylamino]propanoic acid,1.0,CC(C)(C)OC(=O)NC(C[N-][N+]#N)C(=O)O
"3-(1H-indol-3-yl)-2-[[2-(2,4,5-trichlorophenoxy)acetyl]amino]propanoic acid",0.0,O=C(COc1cc(Cl)c(Cl)cc1Cl)NC(Cc1c[nH]c2ccccc12)C(=O)O
diethyl (2S)-2-[methoxy(methylsulfanyl)phosphoryl]sulfanylbutanedioate,0.0,CCOC(=O)C[C@H](SP(=O)(OC)SC)C(=O)OCC
"2-[(E)-[1-(2-amino-1,3-thiazol-4-yl)-2-[[2-(carbamoyloxymethyl)-4-oxo-1-sulfoazetidin-3-yl]amino]-2-oxoethylidene]amino]oxyacetic acid",0.0,NC(=O)OCC1C(NC(=O)/C(=N\OCC(=O)O)c2csc(N)n2)C(=O)N1S(=O)(=O)O
"1-[4-hydroxy-5-(hydroxymethyl)oxolan-2-yl]pyrimidine-2,4-dione",0.0,O=c1ccn(C2CC(O)C(CO)O2)c(=O)[nH]1
"4-methylsulfanyl-2-[[2-(2,4,5-trichlorophenoxy)acetyl]amino]butanoic acid",0.0,CSCCC(NC(=O)COc1cc(Cl)c(Cl)cc1Cl)C(=O)O
"6-benzo[a]pyren-9-yloxy-3,4,5-trihydroxyoxane-2-carboxylic acid",0.0,O=C(O)C1OC(Oc2ccc3cc4ccc5cccc6ccc(c3c2)c4c56)C(O)C(O)C1O
methyl 2-acetamido-3-(2-bromoethylsulfanyl)propanoate,1.0,COC(=O)C(CSCCBr)NC(C)=O
"methyl (2E,3E,5E,7E,9E)-2-ethylidene-11-[(1S,4R,5S)-4-hydroxy-4-(2-hydroxyethyl)-2-oxo-6-oxa-3-azabicyclo[3.1.0]hexan-1-yl]-4,6,10-trimethyl-11-oxoundeca-3,5,7,9-tetraenoate",1.0,C/C=C(\C=C(C)\C=C(C)\C=C\C=C(/C)C(=O)[C@@]12O[C@@H]1[C@](O)(CCO)NC2=O)C(=O)OC
"(4R,4aR,7S,7aS,12bS)-9-methoxy-3-methyl-2,4,4a,7,7a,13-hexahydro-1H-4,12-methanobenzofuro[3,2-e]isoquinolin-7-ol",0.0,COc1ccc2c3c1O[C@@H]1[C@@H](O)C=C[C@H]4[C@@H](C2)N(C)CC[C@]314
2-[(2-formamido-4-methylsulfanylbutanoyl)amino]-3-phenylpropanoic acid,0.0,CSCCC(NC=O)C(=O)NC(Cc1ccccc1)C(=O)O
"[(4aS,4bR,6aS,8S,10aS,10bS,12aS)-10a,12a-dimethyl-2-oxo-3,4,4a,4b,5,6,6a,7,8,9,10,10b,11,12-tetradecahydro-1H-naphtho[2,1-f]quinolin-8-yl] 2-[4-[bis(2-chloroethyl)amino]phenoxy]acetate",1.0,C[C@]12CC[C@H](OC(=O)COc3ccc(N(CCCl)CCCl)cc3)C[C@@H]1CC[C@@H]1[C@@H]2CC[C@]2(C)NC(=O)CC[C@@H]12
"2,2-dimethylpropanoyloxymethyl 7-[[(2E)-2-(2-amino-1,3-thiazol-4-yl)-2-methoxyiminoacetyl]amino]-3-[(E)-2-(4-methyl-1,3-thiazol-5-yl)ethenyl]-8-oxo-5-thia-1-azabicyclo[4.2.0]oct-2-ene-2-carboxylate",0.0,CO/N=C(\C(=O)NC1C(=O)N2C(C(=O)OCOC(=O)C(C)(C)C)=C(/C=C/c3scnc3C)CSC12)c1csc(N)n1
"14-methoxy-10-[(2R,3R,4S,5S,6R)-3,4,5-trihydroxy-6-(hydroxymethyl)oxan-2-yl]-3,5-dioxa-10-azapentacyclo[9.7.1.02,6.08,19.013,18]nonadeca-1(18),2(6),7,11(19),12,14,16-heptaen-9-one",0.0,COc1cccc2c1cc1c3c(cc4c(c32)OCO4)C(=O)N1[C@@H]1O[C@H](CO)[C@@H](O)[C@H](O)[C@H]1O
tert-butyl 3-azido-2-[(2-methylpropan-2-yl)oxycarbonylamino]propanoate,1.0,CC(C)(C)OC(=O)NC(C[N-][N+]#N)C(=O)OC(C)(C)C
"6-benzo[a]pyren-7-yloxy-3,4,5-trihydroxyoxane-2-carboxylic acid",0.0,O=C(O)C1OC(Oc2cccc3c2cc2ccc4cccc5ccc3c2c45)C(O)C(O)C1O
diethyl (2R)-2-dimethoxyphosphorylsulfanylbutanedioate,0.0,CCOC(=O)C[C@@H](SP(=O)(OC)OC)C(=O)OCC
2-[(2-acetamido-3-methylbutanoyl)-nitrosoamino]acetic acid,1.0,CC(=O)NC(C(=O)N(CC(=O)O)N=O)C(C)C
"1-[(2S,4S,5S)-4-azido-5-(hydroxymethyl)oxolan-2-yl]-5-methylpyrimidine-2,4-dione",1.0,Cc1cn([C@@H]2C[C@H](N=[N+]=[N-])[C@@H](CO)O2)c(=O)[nH]c1=O
"(1R,9S,10S)-3-hydroxy-4,12-dimethoxy-17-methyl-17-azatetracyclo[7.5.3.01,10.02,7]heptadeca-2(7),3,5,11-tetraen-13-one",0.0,COC1=C[C@@H]2[C@@H]3Cc4ccc(OC)c(O)c4[C@]2(CCN3C)CC1=O
"[4,5-diacetyloxy-6-(4-nitroanilino)oxan-3-yl] acetate",1.0,CC(=O)OC1COC(Nc2ccc([N+](=O)[O-])cc2)C(OC(C)=O)C1OC(C)=O
"7-[[(2E)-2-(5-amino-1,2,4-thiadiazol-3-yl)-2-methoxyiminoacetyl]amino]-3-(imidazo[1,2-b]pyridazin-1-ium-1-ylmethyl)-8-oxo-5-thia-1-azabicyclo[4.2.0]oct-2-ene-2-carboxylic acid",0.0,CO/N=C(\C(=O)NC1C(=O)N2C(C(=O)O)=C(C[n+]3ccn4ncccc43)CSC12)c1nsc(N)n1
"(2S)-2-[[3,5-dichloro-4-[(2,4-diaminopteridin-6-yl)methyl-methylamino]benzoyl]amino]pentanedioic acid",0.0,CN(Cc1cnc2nc(N)nc(N)c2n1)c1c(Cl)cc(C(=O)N[C@@H](CCC(=O)O)C(=O)O)cc1Cl
"17-(4-hydroxyphenyl)-16-oxa-1,6,10,23-tetrazatetracyclo[9.8.6.212,15.014,18]heptacosa-12,14,26-triene-19,24-dione",1.0,O=C1CC2NCCCNCCCCN(CCCN1)C(=O)C1c3cc2ccc3OC1c1ccc(O)cc1
"[(1S,3aS,3bR,9aR,9bS,11aS)-9a,11a-dimethyl-7-oxo-1,2,3,3a,3b,4,6,8,9,9b,10,11-dodecahydroindeno[5,4-f]quinolin-1-yl] 4-[4-[bis(2-chloroethyl)amino]phenyl]butanoate",1.0,C[C@]12CC[C@H]3[C@@H](CC=C4NC(=O)CC[C@@]43C)[C@@H]1CC[C@@H]2OC(=O)CCCc1ccc(N(CCCl)CCCl)cc1
"2-[[2-(2,4,5-trichlorophenoxy)acetyl]amino]butanedioic acid",0.0,O=C(O)CC(NC(=O)COc1cc(Cl)c(Cl)cc1Cl)C(=O)O
"7-hydroxy-5,6,7-trimethyl-4-methylidene-2,9-dioxa-14-azatricyclo[9.5.1.014,17]heptadec-11-ene-3,8-dione",0.0,C=C1C(=O)OC2CCN3CC=C(COC(=O)C(C)(O)C(C)C1C)C23
2-[(2-methyl-2-methylsulfanylpropanoyl)amino]-3-methylsulfanylpropanoic acid,0.0,CSCC(NC(=O)C(C)(C)SC)C(=O)O
"7-(4-amino-5-methoxy-6-methyloxan-2-yl)oxy-6,9,11-trihydroxy-9-(2-hydroxyacetyl)-4-methoxy-8,10-dihydro-7H-tetracene-5,12-dione",1.0,COc1cccc2c1C(=O)c1c(O)c3c(c(O)c1C2=O)CC(O)(C(=O)CO)CC3OC1CC(N)C(OC)C(C)O1
"(2S)-2-amino-5-[[(2R)-1-(carboxymethylamino)-1-oxo-3-(1,2,2-trichloroethenylsulfanyl)propan-2-yl]amino]-5-oxopentanoic acid",1.0,N[C@@H](CCC(=O)N[C@@H](CSC(Cl)=C(Cl)Cl)C(=O)NCC(=O)O)C(=O)O
"[(7S,8R)-7-[(Z)-2-methylbut-2-enoyl]oxy-5,6,7,8-tetrahydro-3H-pyrrolizin-1-yl]methyl (2R)-2,3-dihydroxy-2-[(1S)-1-methoxyethyl]-3-methylbutanoate",1.0,C/C=C(/C)C(=O)O[C@H]1CCN2CC=C(COC(=O)[C@@](O)([C@H](C)OC)C(C)(C)O)[C@H]12
"[3,4,5-trihydroxy-6-(hydroxymethyl)oxan-2-yl] 13-[4,5-dihydroxy-6-(hydroxymethyl)-3-(3,4,5-trihydroxy-6-methyloxan-2-yl)oxyoxan-2-yl]oxy-5,9-dimethyl-14-methylidenetetracyclo[11.2.1.01,10.04,9]hexadecane-5-carboxylate",0.0,C=C1CC23CCC4C(C)(C(=O)OC5OC(CO)C(O)C(O)C5O)CCCC4(C)C2CCC1(OC1OC(CO)C(O)C(O)C1OC1OC(C)C(O)C(O)C1O)C3
"N-(7-benzyl-2-hydroxy-5,8-dioxo-4-propan-2-yl-3-oxa-6,9-diazatricyclo[7.3.0.02,6]dodecan-4-yl)-7-methyl-6,6a,8,9,10,10a-hexahydro-4H-indolo[4,3-fg]quinoline-9-carboxamide",0.0,CC(C)C1(NC(=O)C2CC3c4cccc5[nH]cc(c45)CC3N(C)C2)OC2(O)C3CCCN3C(=O)C(Cc3ccccc3)N2C1=O
"methyl 4,8,9-trihydroxy-3-methyl-1-oxo-7-(1,5,9-trihydroxy-10a-methoxycarbonyl-6-methyl-8-oxo-6,7-dihydro-5H-xanthen-2-yl)-3,4-dihydro-2H-xanthene-4a-carboxylate",0.0,COC(=O)C12Oc3ccc(-c4ccc5c(c4O)C(O)=C4C(=O)CC(C)C(O)C4(C(=O)OC)O5)c(O)c3C(O)=C1C(=O)CC(C)C2O
"2-[[2-(2,4-dichlorophenoxy)acetyl]amino]-3-(1H-indol-3-yl)propanoic acid",0.0,O=C(COc1ccc(Cl)cc1Cl)NC(Cc1c[nH]c2ccccc12)C(=O)O
"(4E)-4-ethylidene-7-hydroxy-6,7-dimethyl-2,9-dioxa-14-azatricyclo[9.5.1.014,17]heptadec-11-ene-3,8-dione",0.0,C/C=C1\CC(C)C(C)(O)C(=O)OCC2=CCN3CCC(OC1=O)C23
methyl (2S)-2-phenyl-2-[(2R)-piperidin-2-yl]acetate,0.0,COC(=O)[C@@H](c1ccccc1)[C@H]1CCCCN1
"1-phenyl-2,3,4,9-tetrahydro-1H-pyrido[3,4-b]indole-3-carboxylic acid",0.0,O=C(O)C1Cc2c([nH]c3ccccc23)C(c2ccccc2)N1
"2-[2,3-dihydro-1H-inden-2-yl-[(2S)-2-[[(2S)-1-ethoxy-1-oxo-4-phenylbutan-2-yl]amino]propanoyl]amino]acetic acid",0.0,CCOC(=O)[C@H](CCc1ccccc1)N[C@@H](C)C(=O)N(CC(=O)O)C1Cc2ccccc2C1
"3-(2-methylpropyl)piperazine-2,5-dione",0.0,CC(C)CC1NC(=O)CNC1=O
"(2S,5R,6S)-3,3-dimethyl-7-oxo-6-[(2-phenylacetyl)amino]-4-thia-1-azabicyclo[3.2.0]heptane-2-carboxylic acid",0.0,CC1(C)S[C@@H]2[C@@H](NC(=O)Cc3ccccc3)C(=O)N2[C@H]1C(=O)O
"(2S,5R,6S)-6-[[(2S)-2-amino-2-phenylacetyl]amino]-3,3-dimethyl-7-oxo-4-thia-1-azabicyclo[3.2.0]heptane-2-carboxylic acid",0.0,CC1(C)S[C@@H]2[C@@H](NC(=O)[C@@H](N)c3ccccc3)C(=O)N2[C@H]1C(=O)O
"(1R,2S,5S,8S,9S,10R,11S,12S)-5,12-dihydroxy-11-methyl-6-methylidene-16-oxo-15-oxapentacyclo[9.3.2.15,8.01,10.02,8]heptadec-13-ene-9-carboxylic acid",0.0,C=C1C[C@]23C[C@@]1(O)CC[C@@H]2[C@@]12C=C[C@H](O)[C@@](C)(C(=O)O1)[C@H]2[C@@H]3C(=O)O
"6-benzo[b]pyren-6-yloxy-3,4,5-trihydroxyoxane-2-carboxylic acid",0.0,O=C(O)C1OC(Oc2c3ccccc3c3ccc4cccc5ccc2c3c54)C(O)C(O)C1O
"[(3S)-8-[(2R)-2-hydroxy-3-(propan-2-ylamino)propoxy]-3,4-dihydro-2H-chromen-3-yl] nitrate",0.0,CC(C)NC[C@@H](O)COc1cccc2c1OC[C@@H](O[N+](=O)[O-])C2
"(12E)-12-benzylidene-1,6,7-trimethyl-3-(2-methylpropyl)-1,4,7,10-tetrazacyclododecane-2,5,8,11-tetrone",0.0,CC(C)CC1NC(=O)C(C)N(C)C(=O)CNC(=O)/C(=C\c2ccccc2)N(C)C1=O
methyl 2-acetamido-3-(2-bromopropylsulfanyl)propanoate,1.0,COC(=O)C(CSCC(C)Br)NC(C)=O
"(7S,9S)-7-[(2R,4S,5R,6S)-4-amino-5-hydroxy-6-methyloxan-2-yl]oxy-6,9,11-trihydroxy-9-(2-hydroxyacetyl)-8,10-dihydro-7H-tetracene-5,12-dione",1.0,C[C@@H]1O[C@@H](O[C@H]2C[C@](O)(C(=O)CO)Cc3c(O)c4c(c(O)c32)C(=O)c2ccccc2C4=O)C[C@H](N)[C@H]1O
"1-(hydroxymethyl)-2,3,4,9-tetrahydro-1H-pyrido[3,4-b]indole-3-carboxylic acid",0.0,O=C(O)C1Cc2c([nH]c3ccccc23)C(CO)N1
"2-[[2-(dimethylamino)-3-methylbutanoyl]amino]-N-[3-methoxy-1-[2-[1-methoxy-2-methyl-3-oxo-3-[[2-phenyl-1-(1,3-thiazol-2-yl)ethyl]amino]propyl]pyrrolidin-1-yl]-5-methyl-1-oxoheptan-4-yl]-N,3-dimethylbutanamide",0.0,CCC(C)C(C(CC(=O)N1CCCC1C(OC)C(C)C(=O)NC(Cc1ccccc1)c1nccs1)OC)N(C)C(=O)C(NC(=O)C(C(C)C)N(C)C)C(C)C
"2-amino-5-[[1-(carboxymethylamino)-3-[(Z)-1,2-dichloroethenyl]sulfanyl-1-oxopropan-2-yl]amino]-5-oxopentanoic acid",1.0,NC(CCC(=O)NC(CS/C(Cl)=C/Cl)C(=O)NCC(=O)O)C(=O)O
"methyl (1R,15R,17R,18R,19S,20S)-6,18-dimethoxy-17-(3,4,5-trimethoxybenzoyl)oxy-1,3,11,12,14,15,16,17,18,19,20,21-dodecahydroyohimban-19-carboxylate",0.0,COC(=O)[C@H]1[C@H]2C[C@@H]3c4[nH]c5cc(OC)ccc5c4CCN3C[C@@H]2C[C@@H](OC(=O)c2cc(OC)c(OC)c(OC)c2)[C@@H]1OC
"5-ethyl-1-[4-hydroxy-5-(hydroxymethyl)oxolan-2-yl]pyrimidine-2,4-dione",0.0,CCc1cn(C2CC(O)C(CO)O2)c(=O)[nH]c1=O
"(4E)-4-ethylidene-7,17-dihydroxy-6,7,14-trimethyl-2,9-dioxa-14-azoniatricyclo[9.5.1.014,17]heptadec-11-ene-3,8-dione",1.0,C/C=C1\CC(C)C(C)(O)C(=O)OCC2=CC[N+]3(C)CCC(OC1=O)C23O
"2-[2-[19-amino-6-(3,4-dicarboxybutanoyloxy)-11,18-dihydroxy-5,9-dimethylicosan-7-yl]oxy-2-oxoethyl]butanedioic acid",0.0,CCCCC(C)C(OC(=O)CC(CC(=O)O)C(=O)O)C(CC(C)CC(O)CCCCCCC(O)C(C)N)OC(=O)CC(CC(=O)O)C(=O)O
4-hydroxy-2-oxo-4-phenyl-6-oxa-3-azabicyclo[3.1.0]hexane-1-carboxamide,0.0,NC(=O)C12OC1C(O)(c1ccccc1)NC2=O
"[(4aS,4bR,8S,10aR,10bS,12aS)-10a,12a-dimethyl-2-oxo-3,4,4a,4b,5,7,8,9,10,10b,11,12-dodecahydro-1H-naphtho[2,1-f]quinolin-8-yl] (E)-3-[3-[bis(2-chloroethyl)amino]phenyl]prop-2-enoate",1.0,C[C@]12CC[C@H](OC(=O)/C=C/c3cccc(N(CCCl)CCCl)c3)CC1=CC[C@@H]1[C@@H]2CC[C@]2(C)NC(=O)CC[C@@H]12
"[(2R,3R,11S,12S,14R,26R)-5,6',12-trihydroxy-6,7'-dimethoxy-7,21,30-trimethyl-27-oxospiro[17,19,28-trioxa-24-thia-13,30-diazaheptacyclo[12.9.6.13,11.02,13.04,9.015,23.016,20]triaconta-4(9),5,7,15,20,22-hexaene-26,1'-3,4-dihydro-2H-isoquinoline]-22-yl] acetate",1.0,COc1cc2c(cc1O)CCN[C@]21CSC2c3c(OC(C)=O)c(C)c4c(c3[C@H](COC1=O)N1[C@@H](O)[C@@H]3Cc5cc(C)c(OC)c(O)c5[C@H]([C@H]21)N3C)OCO4
"4-[(3,4,5-triacetyloxyoxan-2-yl)amino]benzoic acid",0.0,CC(=O)OC1COC(Nc2ccc(C(=O)O)cc2)C(OC(C)=O)C1OC(C)=O
"3-[2-(aziridin-1-yl)ethyl]-1,3-diazaspiro[4.5]decane-2,4-dione",1.0,O=C1NC2(CCCCC2)C(=O)N1CCN1CC1
"3,6,6a-trihydroxy-6-(1H-indol-3-ylmethyl)-3,3a-dihydro-2H-furo[3,2-b]furan-5-one",0.0,O=C1OC2C(O)COC2(O)C1(O)Cc1c[nH]c2ccccc12
"[(4aS,4bR,6aS,8S,10aS,10bS,12aS)-10a,12a-dimethyl-2-oxo-3,4,4a,4b,5,6,6a,7,8,9,10,10b,11,12-tetradecahydro-1H-naphtho[2,1-f]quinolin-8-yl] 2-[4-[bis(2-chloroethyl)amino]phenyl]acetate",1.0,C[C@]12CC[C@H](OC(=O)Cc3ccc(N(CCCl)CCCl)cc3)C[C@@H]1CC[C@@H]1[C@@H]2CC[C@]2(C)NC(=O)CC[C@@H]12
methyl 2-carbamoyl-3-(1-hydroxy-2-methylpropyl)-3-methyloxirane-2-carboxylate,1.0,COC(=O)C1(C(N)=O)OC1(C)C(O)C(C)C
"2-(1,8-diethyl-7-hydroxy-4,9-dihydro-3H-pyrano[3,4-b]indol-1-yl)acetic acid",1.0,CCc1c(O)ccc2c3c([nH]c12)C(CC)(CC(=O)O)OCC3
2-amino-5-[[1-(carboxymethylamino)-3-nitrososulfanyl-1-oxopropan-2-yl]amino]-5-oxopentanoic acid,1.0,NC(CCC(=O)NC(CSN=O)C(=O)NCC(=O)O)C(=O)O
"1-[4-hydroxy-5-(hydroxymethyl)oxolan-2-yl]-5-(hydroxymethyl)pyrimidine-2,4-dione",1.0,O=c1[nH]c(=O)n(C2CC(O)C(CO)O2)cc1CO
methyl 4-hydroxy-5-methyl-2-oxo-4-propan-2-yl-6-oxa-3-azabicyclo[3.1.0]hexane-1-carboxylate,1.0,COC(=O)C12OC1(C)C(O)(C(C)C)NC2=O
"methyl 4-hydroxy-4,5-dimethyl-2-oxo-6-oxa-3-azabicyclo[3.1.0]hexane-1-carboxylate",1.0,COC(=O)C12OC1(C)C(C)(O)NC2=O
2-amino-5-[[1-(carboxymethylamino)-3-(2-chloroethylsulfanyl)-1-oxopropan-2-yl]amino]-5-oxopentanoic acid,1.0,NC(CCC(=O)NC(CSCCCl)C(=O)NCC(=O)O)C(=O)O
"methyl 5-ethyl-4-methyl-2-oxo-3,6-dioxabicyclo[3.1.0]hexane-1-carboxylate",1.0,CCC12OC1(C(=O)OC)C(=O)OC2C
"2-amino-5-[[1-(carboxymethylamino)-1-oxo-3-(1,2,2-trichloroethenylsulfanyl)propan-2-yl]amino]-5-oxopentanoic acid",1.0,NC(CCC(=O)NC(CSC(Cl)=C(Cl)Cl)C(=O)NCC(=O)O)C(=O)O
"methyl 5-methyl-2-oxo-4-propan-2-yl-3,6-dioxabicyclo[3.1.0]hexane-1-carboxylate",1.0,COC(=O)C12OC1(C)C(C(C)C)OC2=O
"(11-amino-10,13-dihydroxy-7-methoxy-12-methyl-2,5-diazatetracyclo[7.4.0.02,7.04,6]trideca-1(13),9,11-trien-8-ylidene)methyl carbamate",1.0,COC12C(=COC(N)=O)c3c(O)c(N)c(C)c(O)c3N1CC1NC12
"6-amino-3-[3,4-dihydroxy-5-(hydroxymethyl)oxolan-2-yl]-4H-pyrimidine-2,5-dione",0.0,N=C1NC(=O)N(C2OC(CO)C(O)C2O)CC1=O
"(4Z)-4-ethylidene-7-hydroxy-7-(hydroxymethyl)-6-methyl-2,9-dioxa-14-azatricyclo[9.5.1.014,17]heptadec-11-ene-3,8-dione",1.0,C/C=C1/CC(C)C(O)(CO)C(=O)OCC2=CCN3CCC(OC1=O)C23
"3,4,5-trihydroxy-6-(N-hydroxy-4-phenylanilino)oxane-2-carboxylic acid",1.0,O=C(O)C1OC(N(O)c2ccc(-c3ccccc3)cc2)C(O)C(O)C1O
"6-[4-(dimethylamino)-3-hydroxy-6-methyloxan-2-yl]-14-ethyl-6,7,12,13-tetrahydroxy-4-(5-hydroxy-4-methoxy-4,6-dimethyloxan-2-yl)oxy-3,5,7,9,11,12-hexamethyl-oxacyclotetradecane-2,10-dione",0.0,CCC1OC(=O)C(C)C(OC2CC(C)(OC)C(O)C(C)O2)C(C)C(O)(C2OC(C)CC(N(C)C)C2O)C(C)(O)CC(C)C(=O)C(C)C(C)(O)C1O
"9-acetyl-6,9,11-trihydroxy-7-[5-hydroxy-6-methyl-4-(methylamino)oxan-2-yl]oxy-4-methoxy-8,10-dihydro-7H-tetracene-5,12-dione",1.0,CNC1CC(OC2CC(O)(C(C)=O)Cc3c(O)c4c(c(O)c32)C(=O)c2c(OC)cccc2C4=O)OC(C)C1O
diethyl (2S)-2-dimethoxyphosphinothioylsulfanylbutanedioate,0.0,CCOC(=O)C[C@H](SP(=S)(OC)OC)C(=O)OCC
"[7-(hydroxymethyl)-2,3,5,8-tetrahydro-1H-pyrrolizin-1-yl] (E)-2-methylbut-2-enoate",0.0,C/C=C(\C)C(=O)OC1CCN2CC=C(CO)C12
"(7b-methyldioxeto[3,4-b][1]benzofuran-2a-yl)methyl N-(4-chlorophenyl)carbamate",1.0,CC12OOC1(COC(=O)Nc1ccc(Cl)cc1)Oc1ccccc12
"[(2R,3S,4R,5R)-5-(4-amino-2-oxopyrimidin-1-yl)-3,4-dihydroxyoxolan-2-yl]methyl [(2R,3S,4R,5R)-5-(6-aminopurin-9-yl)-4-hydroxy-2-(hydroxymethyl)oxolan-3-yl] hydrogen phosphate",0.0,Nc1ccn([C@@H]2O[C@H](COP(=O)(O)O[C@H]3[C@@H](O)[C@H](n4cnc5c(N)ncnc54)O[C@@H]3CO)[C@@H](O)[C@H]2O)c(=O)n1
"(3R)-4-[(2S,3S,4S,6R)-3-hydroxy-2-methyl-6-[[(1S,3S)-3,5,12-trihydroxy-3-(2-hydroxyacetyl)-10-methoxy-6,11-dioxo-2,4-dihydro-1H-tetracen-1-yl]oxy]oxan-4-yl]morpholine-3-carbonitrile",0.0,COc1cccc2c1C(=O)c1c(O)c3c(c(O)c1C2=O)C[C@@](O)(C(=O)CO)C[C@@H]3O[C@H]1C[C@H](N2CCOC[C@H]2C#N)[C@H](O)[C@H](C)O1
"[(1S,2R,4S,5R)-9-methyl-3-oxa-9-azatricyclo[3.3.1.02,4]nonan-7-yl] (2R)-3-hydroxy-2-phenylpropanoate",0.0,CN1[C@@H]2CC(OC(=O)[C@@H](CO)c3ccccc3)C[C@H]1[C@H]1O[C@H]12
2-acetamido-3-(diethylcarbamothioyldisulfanyl)propanoic acid,0.0,CCN(CC)C(=S)SSCC(NC(C)=O)C(=O)O
"6-benzo[a]pyren-1-yloxy-3,4,5-trihydroxyoxane-2-carboxylic acid",0.0,O=C(O)C1OC(Oc2ccc3ccc4cc5ccccc5c5ccc2c3c45)C(O)C(O)C1O
methyl 5-ethyl-4-hydroxy-4-methyl-2-oxo-6-oxa-3-azabicyclo[3.1.0]hexane-1-carboxylate,1.0,CCC12OC1(C(=O)OC)C(=O)NC2(C)O
"methyl 2-ethylidene-11-[4-hydroxy-4-(2-hydroxyethyl)-2-oxo-6-oxa-3-azabicyclo[3.1.0]hexan-1-yl]-4,6,10-trimethyl-11-oxoundeca-3,5,7,9-tetraenoate",1.0,CC=C(C=C(C)C=C(C)C=CC=C(C)C(=O)C12OC1C(O)(CCO)NC2=O)C(=O)OC
"2-(2,6-dioxopiperidin-3-yl)isoindole-1,3-dione",0.0,O=C1CCC(N2C(=O)c3ccccc3C2=O)C(=O)N1
1-(2-chloroethyl)-3-cyclohexyl-1-nitrosourea,1.0,O=NN(CCCl)C(=O)NC1CCCCC1
2-amino-5-(ethylamino)-5-oxopentanoic acid,0.0,CCNC(=O)CCC(N)C(=O)O
"2,3,5,6,7,8-hexahydro-1H-pyrrolizin-1-ylmethyl 2-hydroxy-2-(1-hydroxyethyl)-3-methylbutanoate",0.0,CC(C)C(O)(C(=O)OCC1CCN2CCCC12)C(C)O
"2-(1,1,2,2-tetrachloroethylsulfanyl)-3a,4,7,7a-tetrahydroisoindole-1,3-dione",0.0,O=C1C2CC=CCC2C(=O)N1SC(Cl)(Cl)C(Cl)Cl
"2,4-dihydroxy-N-(3-hydroxypropyl)-3,3-dimethylbutanamide",0.0,CC(C)(CO)C(O)C(=O)NCCCO
"5-(2-oxo-1,3,3a,4,6,6a-hexahydrothieno[3,4-d]imidazol-4-yl)pentanoic acid",0.0,O=C(O)CCCCC1SCC2NC(=O)NC21
"2-[[4-[(2,4-diaminopteridin-6-yl)methyl-methylamino]benzoyl]amino]pentanedioic acid",0.0,CN(Cc1cnc2nc(N)nc(N)c2n1)c1ccc(C(=O)NC(CCC(=O)O)C(=O)O)cc1
2-[2-hydroxyethyl-[2-[methyl-(2-methyl-1-phenylpropan-2-yl)amino]-2-oxoethyl]amino]-N-methyl-N-(2-methyl-1-phenylpropan-2-yl)acetamide,0.0,CN(C(=O)CN(CCO)CC(=O)N(C)C(C)(C)Cc1ccccc1)C(C)(C)Cc1ccccc1
"5-fluoro-1-(oxolan-2-yl)pyrimidine-2,4-dione",0.0,O=c1[nH]c(=O)n(C2CCCO2)cc1F
ethyl 2-dimethoxyphosphinothioylsulfanyl-2-phenylacetate,0.0,CCOC(=O)C(SP(=S)(OC)OC)c1ccccc1
"4-[2-(3,5-dimethyl-2-oxocyclohexyl)-2-hydroxyethyl]piperidine-2,6-dione",0.0,CC1CC(C)C(=O)C(C(O)CC2CC(=O)NC(=O)C2)C1
ethyl 3-phenyloxirane-2-carboxylate,0.0,CCOC(=O)C1OC1c1ccccc1
"[2-[2,5-bis(aziridin-1-yl)-4-methyl-3,6-dioxocyclohexa-1,4-dien-1-yl]-2-methoxyethyl] carbamate",1.0,COC(COC(N)=O)C1=C(N2CC2)C(=O)C(C)=C(N2CC2)C1=O
1-(2-chloroethyl)-3-(4-methylcyclohexyl)-1-nitrosourea,1.0,CC1CCC(NC(=O)N(CCCl)N=O)CC1
[5-(diethylamino)-2-methylpent-3-yn-2-yl] 2-cyclohexyl-2-hydroxy-2-phenylacetate,0.0,CCN(CC)CC#CC(C)(C)OC(=O)C(O)(c1ccccc1)C1CCCCC1
[5-(ethylamino)-2-methylpent-3-yn-2-yl] 2-cyclohexyl-2-hydroxy-2-phenylacetate,0.0,CCNCC#CC(C)(C)OC(=O)C(O)(c1ccccc1)C1CCCCC1
7-oxabicyclo[4.1.0]heptan-3-ylmethyl 7-oxabicyclo[4.1.0]heptane-3-carboxylate,1.0,O=C(OCC1CCC2OC2C1)C1CCC2OC2C1
"(1,3-dioxo-4,5,6,7-tetrahydroisoindol-2-yl)methyl 2,2-dimethyl-3-(2-methylprop-1-enyl)cyclopropane-1-carboxylate",1.0,CC(C)=CC1C(C(=O)OCN2C(=O)C3=C(CCCC3)C2=O)C1(C)C
2-(4-hydroxy-2-oxopyrrolidin-1-yl)acetamide,0.0,NC(=O)CN1CC(O)CC1=O
ethyl 2-(2-bromopropanoylamino)acetate,1.0,CCOC(=O)CNC(=O)C(C)Br
"(1R,4S,5R,9S,10R,13S)-13-[(2S,3R,4S,5S,6R)-4,5-dihydroxy-6-(hydroxymethyl)-3-[(2S,3R,4S,5S,6R)-3,4,5-trihydroxy-6-(hydroxymethyl)oxan-2-yl]oxyoxan-2-yl]oxy-5,9-dimethyl-14-methylidenetetracyclo[11.2.1.01,10.04,9]hexadecane-5-carboxylic acid",0.0,C=C1C[C@@]23CC[C@H]4[C@@](C)(CCC[C@@]4(C)C(=O)O)[C@@H]2CC[C@]1(O[C@@H]1O[C@H](CO)[C@@H](O)[C@H](O)[C@H]1O[C@@H]1O[C@H](CO)[C@@H](O)[C@H](O)[C@H]1O)C3
"bis(2-bromoethyl) 2,3-dihydroxybutanedioate",1.0,O=C(OCCBr)C(O)C(O)C(=O)OCCBr
2-[(4R)-4-hydroxy-2-oxopyrrolidin-1-yl]acetamide,0.0,NC(=O)CN1C[C@H](O)CC1=O
tert-butyl 2-amino-3-azidopropanoate,1.0,CC(C)(C)OC(=O)C(N)C[N-][N+]#N
"methyl 4,5-dimethyl-2-oxo-3,6-dioxabicyclo[3.1.0]hexane-1-carboxylate",1.0,COC(=O)C12OC1(C)C(C)OC2=O
methyl 2-carbamoyl-3-ethyl-3-(1-hydroxyethyl)oxirane-2-carboxylate,0.0,CCC1(C(C)O)OC1(C(N)=O)C(=O)OC
(2S)-2-amino-5-[2-[4-(hydroxymethyl)phenyl]hydrazinyl]-5-oxopentanoic acid,1.0,N[C@@H](CCC(=O)NNc1ccc(CO)cc1)C(=O)O
"methyl 5-[acetyl(acetyloxy)amino]-3,4-diphenylfuran-2-carboxylate",0.0,COC(=O)c1oc(N(OC(C)=O)C(C)=O)c(-c2ccccc2)c1-c1ccccc1
"4-[(2S)-2-[(1R,3R,5S)-3,5-dimethyl-2-oxocyclohexyl]-2-hydroxyethyl]piperidine-2,6-dione",0.0,C[C@H]1C[C@@H](C)C(=O)[C@@H]([C@@H](O)CC2CC(=O)NC(=O)C2)C1
(2S)-2-amino-5-oxo-5-(2-phenylhydrazinyl)pentanoic acid,1.0,N[C@@H](CCC(=O)NNc1ccccc1)C(=O)O
ethyl (2R)-2-dimethoxyphosphinothioylsulfanyl-2-phenylacetate,0.0,CCOC(=O)[C@H](SP(=S)(OC)OC)c1ccccc1
"5-ethenyl-2,5,11-trimethyl-15-oxatetracyclo[9.3.2.01,10.02,7]hexadecane-8,16-dione",0.0,C=CC1(C)CCC2(C)C(C1)C(=O)CC1C3(C)CCCC12OC3=O
"(1,3-dioxo-4,5,6,7-tetrahydroisoindol-2-yl)methyl (1S,3S)-2,2-dimethyl-3-(2-methylprop-1-enyl)cyclopropane-1-carboxylate",1.0,CC(C)=C[C@H]1[C@H](C(=O)OCN2C(=O)C3=C(CCCC3)C2=O)C1(C)C
bis(2-bromoethyl) 2-hydroxybutanedioate,1.0,O=C(CC(O)C(=O)OCCBr)OCCBr
"[(1R)-2-methyl-4-oxo-3-prop-2-enylcyclopent-2-en-1-yl] (1S,3S)-2,2-dimethyl-3-(2-methylprop-1-enyl)cyclopropane-1-carboxylate",1.0,C=CCC1=C(C)[C@H](OC(=O)[C@H]2[C@H](C=C(C)C)C2(C)C)CC1=O
"ethyl (2R,3S)-3-phenyloxirane-2-carboxylate",0.0,CCOC(=O)[C@@H]1O[C@H]1c1ccccc1
"tris(2-bromoethyl) 2-hydroxypropane-1,2,3-tricarboxylate",1.0,O=C(CC(O)(CC(=O)OCCBr)C(=O)OCCBr)OCCBr
ethyl N-nitroso-N-(4-oxo-1-pyridin-3-ylbutyl)carbamate,1.0,CCOC(=O)N(N=O)C(CCC=O)c1cccnc1
2-acetamido-3-(2-chloroethylsulfanyl)propanoic acid,1.0,CC(=O)NC(CSCCCl)C(=O)O
"2-[bis(2-chloroethyl)amino]-2-oxo-1,3,2lambda5-oxazaphosphinan-4-one",1.0,O=C1CCOP(=O)(N(CCCl)CCCl)N1
2-[(2-amino-3-sulfanylpropanoyl)amino]acetic acid,1.0,NC(CS)C(=O)NCC(=O)O
2-amino-5-oxo-5-(2-phenylhydrazinyl)pentanoic acid,1.0,NC(CCC(=O)NNc1ccccc1)C(=O)O
2-amino-5-[2-[4-(hydroxymethyl)phenyl]hydrazinyl]-5-oxopentanoic acid,1.0,NC(CCC(=O)NNc1ccc(CO)cc1)C(=O)O
"methyl 4-hydroxy-4,5-dimethyl-2-oxo-3,6-dioxabicyclo[3.1.0]hexane-1-carboxylate",1.0,COC(=O)C12OC1(C)C(C)(O)OC2=O
"12,14-diethoxy-1,9-dimethyl-4-methylidene-6,13-dioxatricyclo[8.4.0.03,7]tetradecan-5-one",1.0,C=C1C(=O)OC2CC(C)C3CC(OCC)OC(OCC)C3(C)CC12
2-amino-3-(2-chloroethylcarbamoylsulfanyl)propanoic acid,1.0,NC(CSC(=O)NCCCl)C(=O)O
"[3,4,5-trihydroxy-6-(hydroxymethyl)oxan-2-yl] N,N-diethylcarbamodithioate",0.0,CCN(CC)C(=S)SC1OC(CO)C(O)C(O)C1O
"9-hydroxy-5,8a-dimethyl-1-methylidene-3a,4,5,5a,9,9a-hexahydroazuleno[6,7-b]furan-2,8-dione",0.0,C=C1C(=O)OC2CC(C)C3C=CC(=O)C3(C)C(O)C12
"[2-(7-chloro-11-hydroxy-10,13,16-trimethyl-3-oxo-17-propanoyloxy-7,8,9,11,12,14,15,16-octahydro-6H-cyclopenta[a]phenanthren-17-yl)-2-oxoethyl] propanoate",0.0,CCC(=O)OCC(=O)C1(OC(=O)CC)C(C)CC2C3C(Cl)CC4=CC(=O)C=CC4(C)C3C(O)CC21C
"1-(tert-butylamino)-3-[(4-morpholin-4-yl-1,2,5-thiadiazol-3-yl)oxy]propan-2-ol",0.0,CC(C)(C)NCC(O)COc1nsnc1N1CCOCC1
"2-(trichloromethylsulfanyl)-3a,4,7,7a-tetrahydroisoindole-1,3-dione",1.0,O=C1C2CC=CCC2C(=O)N1SC(Cl)(Cl)Cl
"3-cyclohexyl-1,5,6,7-tetrahydrocyclopenta[d]pyrimidine-2,4-dione",0.0,O=c1[nH]c2c(c(=O)n1C1CCCCC1)CCC2
"10-hydroxy-4,4-dimethyl-12-oxo-11-oxatetracyclo[7.3.1.01,9.02,6]tridec-7-ene-8-carbaldehyde",1.0,CC1(C)CC2C=C(C=O)C34CC3(C(=O)OC4O)C2C1
"1,1-diphenylprop-2-ynyl N-cyclohexylcarbamate",1.0,C#CC(OC(=O)NC1CCCCC1)(c1ccccc1)c1ccccc1
"[13-acetyloxy-1,6-dihydroxy-8-(hydroxymethyl)-4,12,12,15-tetramethyl-5-oxo-14-tetracyclo[8.5.0.02,6.011,13]pentadeca-3,8-dienyl] tetradecanoate",0.0,CCCCCCCCCCCCCC(=O)OC1C(C)C2(O)C(C=C(CO)CC3(O)C(=O)C(C)=CC32)C2C(C)(C)C12OC(C)=O
"[4-(acetyloxymethyl)-1-(3-methylbutanoyloxy)spiro[6,7a-dihydro-1H-cyclopenta[c]pyran-7,2'-oxirane]-6-yl] 3-methylbutanoate",1.0,CC(=O)OCC1=COC(OC(=O)CC(C)C)C2C1=CC(OC(=O)CC(C)C)C21CO1
"[6-acetyloxy-1-(3-methylbutanoyloxy)spiro[4a,5,6,7a-tetrahydro-1H-cyclopenta[c]pyran-7,2'-oxirane]-4-yl]methyl 3-methylbutanoate",1.0,CC(=O)OC1CC2C(COC(=O)CC(C)C)=COC(OC(=O)CC(C)C)C2C12CO2
"[11-acetyloxy-2-(acetyloxymethyl)-10-hydroxy-1,5-dimethylspiro[8-oxatricyclo[7.2.1.02,7]dodec-5-ene-12,2'-oxirane]-4-yl] 3-methylbutanoate",1.0,CC(=O)OCC12CC(OC(=O)CC(C)C)C(C)=CC1OC1C(O)C(OC(C)=O)C2(C)C12CO2
"[3,10-dihydroxy-2-(hydroxymethyl)-1,5-dimethyl-4-oxospiro[8-oxatricyclo[7.2.1.02,7]dodec-5-ene-12,2'-oxirane]-11-yl] acetate",0.0,CC(=O)OC1C(O)C2OC3C=C(C)C(=O)C(O)C3(CO)C1(C)C21CO1
"(3'-formyl-3,3',3a-trimethyl-6-oxospiro[2,3,4,7b-tetrahydro-1aH-naphtho[1,2-b]oxirene-5,2'-oxirane]-2-yl) acetate",1.0,CC(=O)OC1C2OC2C2=CC(=O)C3(CC2(C)C1C)OC3(C)C=O
"(17-acetyl-13-methyl-3-oxo-1,2,6,7,8,9,10,11,12,14,15,16-dodecahydrocyclopenta[a]phenanthren-17-yl) hexanoate",0.0,CCCCCC(=O)OC1(C(C)=O)CCC2C3CCC4=CC(=O)CCC4C3CCC21C
"bis(oxiran-2-ylmethyl) cyclohexane-1,2-dicarboxylate",1.0,O=C(OCC1CO1)C1CCCCC1C(=O)OCC1CO1
"2-hydroxy-4,6a,6b,11,11,14b-hexamethyl-3-[3,4,5-trihydroxy-6-(hydroxymethyl)oxan-2-yl]oxy-1,2,3,4a,5,6,7,8,9,10,12,12a,14,14a-tetradecahydropicene-4,8a-dicarboxylic acid",0.0,CC1(C)CCC2(C(=O)O)CCC3(C)C(=CCC4C5(C)CC(O)C(OC6OC(CO)C(O)C(O)C6O)C(C)(C(=O)O)C5CCC43C)C2C1
"8-hydroxy-10a,12a-dimethyl-3,4,4a,4b,5,6,6a,7,8,9,10,10b,11,12-tetradecahydro-1H-naphtho[2,1-f]quinolin-2-one",0.0,CC12CCC3C(CCC4CC(O)CCC43C)C1CCC(=O)N2
"(3aR,5R,5aR,8aS,9S,9aS)-9-hydroxy-5,8a-dimethyl-1-methylidene-3a,4,5,5a,9,9a-hexahydroazuleno[6,7-b]furan-2,8-dione",0.0,C=C1C(=O)O[C@@H]2C[C@@H](C)[C@@H]3C=CC(=O)[C@]3(C)[C@@H](O)[C@H]12
"7-hydroxy-2,5,7-trimethyl-3a-[3,4,5-trihydroxy-6-(hydroxymethyl)oxan-2-yl]oxyspiro[3,7a-dihydro-2H-indene-6,1'-cyclopropane]-1-one",1.0,CC1=CC2(OC3OC(CO)C(O)C(O)C3O)CC(C)C(=O)C2C(C)(O)C12CC2
"(3aR,7aR)-2-(trichloromethylsulfanyl)-3a,4,7,7a-tetrahydroisoindole-1,3-dione",1.0,O=C1[C@@H]2CC=CC[C@H]2C(=O)N1SC(Cl)(Cl)Cl
"[(1S,4aS,6S,7R,7aR)-6-acetyloxy-1-(3-methylbutanoyloxy)spiro[4a,5,6,7a-tetrahydro-1H-cyclopenta[c]pyran-7,2'-oxirane]-4-yl]methyl 3-methylbutanoate",1.0,CC(=O)O[C@H]1C[C@@H]2C(COC(=O)CC(C)C)=CO[C@@H](OC(=O)CC(C)C)[C@H]2[C@@]12CO2
"[(1R,2S,3R,7S,9S,10S,11R,12R)-3,10-dihydroxy-2-(hydroxymethyl)-1,5-dimethyl-4-oxospiro[8-oxatricyclo[7.2.1.02,7]dodec-5-ene-12,2'-oxirane]-11-yl] acetate",0.0,CC(=O)O[C@H]1[C@H](O)[C@@H]2O[C@H]3C=C(C)C(=O)[C@H](O)[C@@]3(CO)[C@@]1(C)[C@@]21CO1
"bis[[(2R)-oxiran-2-yl]methyl] (1S,2S)-cyclohexane-1,2-dicarboxylate",1.0,O=C(OC[C@H]1CO1)[C@H]1CCCC[C@@H]1C(=O)OC[C@H]1CO1
"1,1-diphenylbut-2-ynyl N-cyclohexylcarbamate",1.0,CC#CC(OC(=O)NC1CCCCC1)(c1ccccc1)c1ccccc1
"(8-formyl-6,10-dihydroxy-4,4-dimethyl-12-oxo-11-oxatetracyclo[7.3.1.01,9.02,6]tridec-7-en-5-yl) (E)-hex-2-enoate",1.0,CCC/C=C/C(=O)OC1C(C)(C)CC2C1(O)C=C(C=O)C13CC21C(=O)OC3O
"6,9a-dimethyl-3-methylidene-3a,4,5,6,6a,9b-hexahydroazuleno[8,7-b]furan-2,9-dione",0.0,C=C1C(=O)OC2C1CCC(C)C1C=CC(=O)C12C
"5a-methyl-3-methylidene-5-(3-oxobutyl)-3a,4,4a,5,6,6a-hexahydrocyclopropa[f][1]benzofuran-2-one",0.0,C=C1C(=O)OC2CC3(C)C(CCC(C)=O)C3CC12
"(10a,12a-dimethyl-2-oxo-3,4,4a,4b,5,6,6a,7,8,9,10,10b,11,12-tetradecahydro-1H-naphtho[2,1-f]quinolin-8-yl) (E)-3-[3-[bis(2-chloroethyl)amino]phenyl]prop-2-enoate",1.0,CC12CCC3C(CCC4CC(OC(=O)/C=C/c5cccc(N(CCCl)CCCl)c5)CCC43C)C1CCC(=O)N2
(2S)-2-hydroxy-2-(2-oxo-2-propan-2-yloxyethyl)butanedioic acid,0.0,CC(C)OC(=O)C[C@@](O)(CC(=O)O)C(=O)O
"[5-acetyloxy-4-hydroxy-2-(hydroxymethyl)-6-(7-hydroxy-2,2,5,7-tetramethyl-1-oxospiro[3,7a-dihydroindene-6,1'-cyclopropane]-3a-yl)oxyoxan-3-yl] (E)-3-(4-hydroxyphenyl)prop-2-enoate",1.0,CC(=O)OC1C(OC23C=C(C)C4(CC4)C(C)(O)C2C(=O)C(C)(C)C3)OC(CO)C(OC(=O)/C=C/c2ccc(O)cc2)C1O
"5,9-dimethyl-14-methylidene-13-[3,4,5-trihydroxy-6-(hydroxymethyl)oxan-2-yl]oxytetracyclo[11.2.1.01,10.04,9]hexadecane-5-carboxylic acid",1.0,C=C1CC23CCC4C(C)(C(=O)O)CCCC4(C)C2CCC1(OC1OC(CO)C(O)C(O)C1O)C3
"17-(tert-butylcarbamoyl)-10,13-dimethyl-2,7,8,9,11,12,14,15,16,17-decahydro-1H-cyclopenta[a]phenanthrene-3-carboxylic acid",0.0,CC(C)(C)NC(=O)C1CCC2C3CC=C4C=C(C(=O)O)CCC4(C)C3CCC12C
"[(1S,6S,7R,7aS)-4-(acetyloxymethyl)-1-(3-methylbutanoyloxy)spiro[6,7a-dihydro-1H-cyclopenta[c]pyran-7,2'-oxirane]-6-yl] 3-methylbutanoate",1.0,CC(=O)OCC1=CO[C@@H](OC(=O)CC(C)C)[C@H]2C1=C[C@H](OC(=O)CC(C)C)[C@]21CO1
"6,10-dihydroxy-4,4-dimethyl-12-oxo-11-oxatetracyclo[7.3.1.01,9.02,6]tridec-7-ene-8-carbaldehyde",1.0,CC1(C)CC2C(O)(C=C(C=O)C34CC23C(=O)OC4O)C1
2-hydroxy-2-(2-oxo-2-propan-2-yloxyethyl)butanedioic acid,0.0,CC(C)OC(=O)CC(O)(CC(=O)O)C(=O)O
"2-methyl-1,1,4-trioxo-N-pyridin-2-yl-3H-thieno[2,3-e]thiazine-3-carboxamide",0.0,CN1C(C(=O)Nc2ccccn2)C(=O)c2sccc2S1(=O)=O
"6,9a-dimethyl-3-methylidene-3a,4,5,6,8,9b-hexahydroazuleno[8,7-b]furan-2,9-dione",0.0,C=C1C(=O)OC2C1CCC(C)C1=CCC(=O)C12C
"2-[nitroso-[(2,3,4,5-tetrahydroxyoxan-2-yl)methyl]amino]acetic acid",0.0,O=NN(CC(=O)O)CC1(O)OCC(O)C(O)C1O
"2-(1-ethyl-9-methyl-3,4-dihydropyrano[3,4-b]indol-1-yl)acetic acid",0.0,CCC1(CC(=O)O)OCCc2c1n(C)c1ccccc21
"methyl 2-[(1R,2S,6R,9R,10S,11R,15R)-6-(furan-3-yl)-7,9,11,15-tetramethyl-12,16-dioxo-3,17-dioxapentacyclo[9.6.1.02,9.04,8.015,18]octadeca-7,13-dien-10-yl]acetate",0.0,COC(=O)C[C@H]1[C@]2(C)C3=C(C)[C@H](c4ccoc4)CC3O[C@@H]2[C@@H]2OC(=O)[C@]3(C)C=CC(=O)[C@@]1(C)C23
2-hydroxy-5-[[4-(pyridin-2-ylsulfamoyl)phenyl]diazenyl]benzoic acid,0.0,O=C(O)c1cc(N=Nc2ccc(S(=O)(=O)Nc3ccccn3)cc2)ccc1O
"4-(1H-benzimidazol-2-yl)-1,3-thiazole",1.0,c1ccc2[nH]c(-c3cscn3)nc2c1
ethyl 4-methylbenzenesulfonate,1.0,CCOS(=O)(=O)c1ccc(C)cc1
"isoindole-1,3-dione",0.0,O=C1NC(=O)c2ccccc21
"2-benzofuran-1,3-dione",0.0,O=C1OC(=O)c2ccccc21
"N,2-dihydroxybenzamide",1.0,O=C(NO)c1ccccc1O
N'-phenylacetohydrazide,1.0,CC(=O)NNc1ccccc1
N-(4-aminophenyl)sulfonylacetamide,0.0,CC(=O)NS(=O)(=O)c1ccc(N)cc1
"2,4,5-triphenyl-1H-imidazole",1.0,c1ccc(-c2nc(-c3ccccc3)c(-c3ccccc3)[nH]2)cc1
"4-acetamido-5-hydroxy-6-[[7-sulfo-4-[(4-sulfophenyl)diazenyl]naphthalen-1-yl]diazenyl]naphthalene-1,7-disulfonic acid",0.0,CC(=O)Nc1ccc(S(=O)(=O)O)c2cc(S(=O)(=O)O)c(N=Nc3ccc(N=Nc4ccc(S(=O)(=O)O)cc4)c4ccc(S(=O)(=O)O)cc34)c(O)c12
2-nitro-1H-benzimidazole,1.0,O=[N+]([O-])c1nc2ccccc2[nH]1
N-ethyl-4-methylbenzenesulfonamide,0.0,CCNS(=O)(=O)c1ccc(C)cc1
N'-acetylpyridine-2-carbohydrazide,0.0,CC(=O)NNC(=O)c1ccccn1
"N-[(4-chlorophenyl)carbamoyl]-2,6-difluorobenzamide",0.0,O=C(NC(=O)c1c(F)cccc1F)Nc1ccc(Cl)cc1
"2,3-dihydrophthalazine-1,4-dione",0.0,O=c1[nH][nH]c(=O)c2ccccc12
"5-nitroisoindole-1,3-dione",1.0,O=C1NC(=O)c2cc([N+](=O)[O-])ccc21
"6-nitro-2,3-dihydrophthalazine-1,4-dione",1.0,O=c1[nH][nH]c(=O)c2cc([N+](=O)[O-])ccc12
2-nitrobenzamide,1.0,NC(=O)c1ccccc1[N+](=O)[O-]
2-(4-aminophenyl)sulfonylguanidine,0.0,N=C(N)NS(=O)(=O)c1ccc(N)cc1
4-methoxy-3-nitro-N-phenylbenzamide,1.0,COc1ccc(C(=O)Nc2ccccc2)cc1[N+](=O)[O-]
"5-nitro-1H-indole-2,3-dione",1.0,O=C1Nc2ccc([N+](=O)[O-])cc2C1=O
(4-nitrophenyl)methyl 4-methylbenzenesulfonate,1.0,Cc1ccc(S(=O)(=O)OCc2ccc([N+](=O)[O-])cc2)cc1
"1-nitro-2-(1,2,2-trichloroethenyldisulfanyl)benzene",1.0,O=[N+]([O-])c1ccccc1SSC(Cl)=C(Cl)Cl
"1-[(2,2-dichloro-1-fluoroethenyl)disulfanyl]-2-nitrobenzene",1.0,O=[N+]([O-])c1ccccc1SSC(F)=C(Cl)Cl
2-nitrobenzo[j]aceanthrylene,1.0,O=[N+]([O-])C1=Cc2c3ccc4ccccc4c3cc3cccc1c23
2-(4-nitrophenyl)-7H-purin-6-amine,1.0,Nc1[nH]c(-c2ccc([N+](=O)[O-])cc2)nc2ncnc1-2
1-nitroacenaphthylene,1.0,O=[N+]([O-])C1=Cc2cccc3cccc1c23
"18-nitropentacyclo[11.6.1.02,11.03,8.017,20]icosa-1(20),2(11),3,5,7,9,12,14,16,18-decaene",1.0,O=[N+]([O-])C1=Cc2c3c1cccc3cc1ccc3ccccc3c21
"15-nitropentacyclo[11.6.1.02,11.04,9.016,20]icosa-1(20),2,4,6,8,10,12,14,16,18-decaene",1.0,O=[N+]([O-])C1=Cc2cc3cc4ccccc4cc3c3cccc1c23
"1-nitro-2-(1,2,3,4,4-pentachlorobuta-1,3-dienyldisulfanyl)benzene",1.0,O=[N+]([O-])c1ccccc1SSC(Cl)=C(Cl)C(Cl)=C(Cl)Cl
benzyl 4-methylbenzenesulfonate,0.0,Cc1ccc(S(=O)(=O)OCc2ccccc2)cc1
"1-nitro-2-[[(1E)-1,2,3,4,4-pentachlorobuta-1,3-dienyl]disulfanyl]benzene",1.0,O=[N+]([O-])c1ccccc1SS/C(Cl)=C(\Cl)C(Cl)=C(Cl)Cl
N-ethyl-2-methylbenzenesulfonamide,1.0,CCNS(=O)(=O)c1ccccc1C
N-(2-chlorophenyl)quinoline-8-sulfonamide,0.0,O=S(=O)(Nc1ccccc1Cl)c1cccc2cccnc12
(3Z)-3-propylidene-2-benzofuran-1-one,1.0,CC/C=C1\OC(=O)c2ccccc21
N-(4-chloro-3-nitrophenyl)quinoline-8-sulfonamide,0.0,O=[N+]([O-])c1cc(NS(=O)(=O)c2cccc3cccnc23)ccc1Cl
(2-nitrophenyl)methyl benzoate,0.0,O=C(OCc1ccccc1[N+](=O)[O-])c1ccccc1
"6-amino-1,2-benzothiazol-3-one",0.0,Nc1ccc2c(=O)[nH]sc2c1
"2-aminoisoindole-1,3-dione",0.0,NN1C(=O)c2ccccc2C1=O
"2-anilinonaphthalene-1,4-dione",1.0,O=C1C=C(Nc2ccccc2)C(=O)c2ccccc21
(2-nitrophenyl)methyl acetate,0.0,CC(=O)OCc1ccccc1[N+](=O)[O-]
"4-[(2,5-dichlorophenyl)diazenyl]-3-hydroxy-N-phenylnaphthalene-2-carboxamide",1.0,O=C(Nc1ccccc1)c1cc2ccccc2c(N=Nc2cc(Cl)ccc2Cl)c1O
"14-nitropentacyclo[11.6.1.02,11.04,9.016,20]icosa-1(19),2,4,6,8,10,12,14,16(20),17-decaene",1.0,O=[N+]([O-])C1=Cc2cccc3c2c1cc1cc2ccccc2cc13
N-(4-methylphenyl)quinoline-8-sulfonamide,0.0,Cc1ccc(NS(=O)(=O)c2cccc3cccnc23)cc1
N-[4-(methylsulfamoyl)phenyl]acetamide,0.0,CNS(=O)(=O)c1ccc(NC(C)=O)cc1
N-[4-(pyridin-2-ylsulfamoyl)phenyl]acetamide,0.0,CC(=O)Nc1ccc(S(=O)(=O)Nc2ccccn2)cc1
"2,3-dioxo-1H-indole-5-sulfonic acid",1.0,O=C1Nc2ccc(S(=O)(=O)O)cc2C1=O
"N-(2,4-dichlorophenyl)quinoline-8-sulfonamide",0.0,O=S(=O)(Nc1ccc(Cl)cc1Cl)c1cccc2cccnc12
N-(3-methylphenyl)quinoline-8-sulfonamide,0.0,Cc1cccc(NS(=O)(=O)c2cccc3cccnc23)c1
(2Z)-2-hydroxyimino-N-phenylacetamide,0.0,O=C(/C=N/O)Nc1ccccc1
"2-nitropentacyclo[12.3.1.04,17.07,16.010,15]octadecane",1.0,O=[N+]([O-])C1=Cc2ccc3ccc4cccc5cc1c2c3c45
N-hydroxyquinoline-8-sulfonamide,0.0,O=S(=O)(NO)c1cccc2cccnc12
ethyl benzenesulfonate,1.0,CCOS(=O)(=O)c1ccccc1
N-(2-methylphenyl)quinoline-8-sulfonamide,0.0,Cc1ccccc1NS(=O)(=O)c1cccc2cccnc12
(4-methylphenyl)methyl 4-methylbenzenesulfonate,0.0,Cc1ccc(COS(=O)(=O)c2ccc(C)cc2)cc1
(3-acetamido-2-methylphenyl)-(3-acetamido-2-methylphenyl)imino-oxidoazanium,0.0,CC(=O)Nc1cccc(N=[N+]([O-])c2cccc(NC(C)=O)c2C)c1C
"(2R,3R,4R,5S)-hexane-1,2,3,4,5,6-hexol",0.0,OC[C@@H](O)[C@@H](O)[C@H](O)[C@@H](O)CO
"[(3S,3aS,6R,6aS)-3-nitrooxy-2,3,3a,5,6,6a-hexahydrofuro[3,2-b]furan-6-yl] nitrate",0.0,O=[N+]([O-])O[C@H]1CO[C@H]2[C@@H]1OC[C@H]2O[N+](=O)[O-]
"[(8R,9S,10R,13S,14S,17R)-17-ethynyl-13-methyl-3-oxo-1,2,6,7,8,9,10,11,12,14,15,16-dodecahydrocyclopenta[a]phenanthren-17-yl] acetate",0.0,C#C[C@]1(OC(C)=O)CC[C@H]2[C@@H]3CCC4=CC(=O)CC[C@@H]4[C@H]3CC[C@@]21C
"(3-hydroxy-2,3,3a,5,6,6a-hexahydrofuro[3,2-b]furan-6-yl) nitrate",0.0,O=[N+]([O-])OC1COC2C(O)COC12
"10,14-dimethylspiro[hexacyclo[9.8.0.02,4.05,10.014,19.016,18]nonadec-5-ene-15,5'-oxolane]-2',7-dione",0.0,CC12CCC(=O)C=C1C1CC1C1C2CCC2(C)C1C1CC1C21CCC(=O)O1
"(6-nitrooxy-2,3,3a,5,6,6a-hexahydrofuro[3,2-b]furan-3-yl) nitrate",0.0,O=[N+]([O-])OC1COC2C(O[N+](=O)[O-])COC12
"5-(1,3-dihydroxypropan-2-ylamino)-1-(hydroxymethyl)cyclohexane-1,2,3,4-tetrol",0.0,OCC(CO)NC1CC(O)(CO)C(O)C(O)C1O
"2-[3-(diaminomethylideneamino)-4-[3-[4,5-dihydroxy-6-(hydroxymethyl)-3-(methylamino)oxan-2-yl]oxy-4-formyl-4-hydroxy-5-methyloxolan-2-yl]oxy-2,5,6-trihydroxycyclohexyl]guanidine",1.0,CNC1C(OC2C(OC3C(O)C(O)C(N=C(N)N)C(O)C3N=C(N)N)OC(C)C2(O)C=O)OC(CO)C(O)C1O
"hexane-1,2,3,4,5,6-hexol",0.0,OCC(O)C(O)C(O)C(O)CO
"4-(3,7-dihydroxy-10,13-dimethyl-2,3,4,5,6,7,8,9,11,12,14,15,16,17-tetradecahydro-1H-cyclopenta[a]phenanthren-17-yl)pentanoic acid",0.0,CC(CCC(=O)O)C1CCC2C3C(O)CC4CC(O)CCC4(C)C3CCC12C
"2-[3,4-dihydroxy-2,5-bis(hydroxymethyl)oxolan-2-yl]oxy-6-(hydroxymethyl)oxane-3,4,5-triol",0.0,OCC1OC(OC2(CO)OC(CO)C(O)C2O)C(O)C(O)C1O
"3,4,5,6,13,13-hexachloro-10-oxapentacyclo[6.3.1.13,6.02,7.09,11]tridec-4-ene",0.0,ClC1=C(Cl)C2(Cl)C3C4CC(C5OC45)C3C1(Cl)C2(Cl)Cl
"2,5-bis(tert-butylperoxy)-2,5-dimethylhexane",0.0,CC(C)(C)OOC(C)(C)CCC(C)(C)OOC(C)(C)C
"1,7,7-trimethylbicyclo[2.2.1]heptan-2-ol",0.0,CC1(C)C2CCC1(C)C(O)C2
"1,1,1,2-tetrachloro-3-(2,3,3,3-tetrachloropropoxy)propane",1.0,ClC(COCC(Cl)C(Cl)(Cl)Cl)C(Cl)(Cl)Cl
tris(2-ethylhexyl) phosphite,0.0,CCCCC(CC)COP(OCC(CC)CCCC)OCC(CC)CCCC
"1,3,3-trimethyl-2-oxabicyclo[2.2.2]octane",0.0,CC12CCC(CC1)C(C)(C)O2
"5',7,9,13-tetramethylspiro[5-oxapentacyclo[10.8.0.02,9.04,8.013,18]icos-18-ene-6,2'-oxane]-16-ol",0.0,CC1CCC2(OC1)OC1CC3C4CC=C5CC(O)CCC5(C)C4CCC3(C)C1C2C
"2,7,7-trimethyl-3-oxatricyclo[4.1.1.02,4]octane",0.0,CC1(C)C2CC3OC3(C)C1C2
"1-hydroxy-2,2,6,6-tetramethylpiperidin-4-ol",1.0,CC1(C)CC(O)CC(C)(C)N1O
"(11-acetyloxy-10-hydroxy-1,5-dimethylspiro[8-oxatricyclo[7.2.1.02,7]dodec-5-ene-12,2'-oxirane]-2-yl)methyl acetate",0.0,CC(=O)OCC12CCC(C)=CC1OC1C(O)C(OC(C)=O)C2(C)C12CO2
"2,5,8,15,18,21-hexaoxatricyclo[20.4.0.09,14]hexacosane",0.0,C1CCC2OCCOCCOC3CCCCC3OCCOCCOC2C1
"2,5,8,11,18,21,24,27-octaoxatricyclo[26.4.0.012,17]dotriacontane",0.0,C1CCC2OCCOCCOCCOC3CCCCC3OCCOCCOCCOC2C1
"3,10,11-trihydroxy-2-(hydroxymethyl)-1,5-dimethylspiro[8-oxatricyclo[7.2.1.02,7]dodec-5-ene-12,2'-oxirane]-4-one",0.0,CC1=CC2OC3C(O)C(O)C(C)(C34CO4)C2(CO)C(O)C1=O
3-(oxiran-2-yl)-7-oxabicyclo[4.1.0]heptane,1.0,C1CC2OC2CC1C1CO1
"2,2,5,6-tetrachloro-1,7,7-tris(chloromethyl)bicyclo[2.2.1]heptane",0.0,ClCC1(CCl)C2CC(Cl)(Cl)C1(CCl)C(Cl)C2Cl
"4-[3,4,5-trihydroxy-6-(hydroxymethyl)oxan-2-yl]oxyhexane-1,2,3,5,6-pentol",0.0,OCC(O)C(O)C(OC1OC(CO)C(O)C(O)C1O)C(O)CO
"6-hydroxy-1a-[2-(hydroxymethyl)oxiran-2-yl]-7,7a-dimethyl-5,6,7,7b-tetrahydro-4H-naphtho[1,2-b]oxiren-2-one",1.0,CC1C(O)CCC2=CC(=O)C3(C4(CO)CO4)OC3C21C
"2,2,5,6-tetrachloro-1,7-bis(chloromethyl)-7-(dichloromethyl)bicyclo[2.2.1]heptane",1.0,ClCC1(C(Cl)Cl)C2CC(Cl)(Cl)C1(CCl)C(Cl)C2Cl
1-methyl-4-prop-1-en-2-yl-7-oxabicyclo[4.1.0]heptane,0.0,C=C(C)C1CCC2(C)OC2C1
"10,13-dimethyl-17-(6-methylheptan-2-yl)-1,2,3,4,6,7,8,9,11,12,14,15,16,17-tetradecahydrocyclopenta[a]phenanthrene-3,5,6-triol",1.0,CC(C)CCCC(C)C1CCC2C3CC(O)C4(O)CC(O)CCC4(C)C3CCC12C
"1,2,3,4,5,5,6,7,8,9,10,10-dodecachloropentacyclo[5.3.0.02,6.03,9.04,8]decane",0.0,ClC1(Cl)C2(Cl)C3(Cl)C4(Cl)C(Cl)(Cl)C5(Cl)C3(Cl)C1(Cl)C5(Cl)C24Cl
2-(2-ethylhexoxymethyl)oxirane,1.0,CCCCC(CC)COCC1CO1
"3,10-dihydroxy-2-(hydroxymethyl)-1,5-dimethylspiro[8-oxatricyclo[7.2.1.02,7]dodec-5-ene-12,2'-oxirane]-4-one",0.0,CC1=CC2OC3C(O)CC(C)(C34CO4)C2(CO)C(O)C1=O
"3,4,5,6,6,7-hexachloro-12-oxahexacyclo[6.5.0.02,10.03,7.05,9.011,13]tridecane",1.0,ClC1C2(Cl)C3C4C5OC5C5C4C1(Cl)C(Cl)(C53)C2(Cl)Cl
"[2-(1-iodoethyl)-1,3-dioxolan-4-yl]methanol",1.0,CC(I)C1OCC(CO)O1
"(17-ethynyl-13-methyl-3-oxo-1,2,6,7,8,9,10,11,12,14,15,16-dodecahydrocyclopenta[a]phenanthren-17-yl) heptanoate",0.0,C#CC1(OC(=O)CCCCCC)CCC2C3CCC4=CC(=O)CCC4C3CCC21C
"15-(1-methoxycyclopentyl)oxy-2,16-dimethyl-5-thiapentacyclo[9.7.0.02,8.04,6.012,16]octadecane",0.0,COC1(OC2CCC3C4CCC5CC6SC6CC5(C)C4CCC23C)CCCC1
"2,2,5,5-tetrachloro-7-(chloromethyl)-1,7-bis(dichloromethyl)bicyclo[2.2.1]heptane",0.0,ClCC1(C(Cl)Cl)C2CC(Cl)(Cl)C1(C(Cl)Cl)CC2(Cl)Cl
"13'-hydroxy-5',9'-dimethylspiro[oxirane-2,14'-tetracyclo[11.2.1.01,10.04,9]hexadecane]-5'-carboxylic acid",0.0,CC1(C(=O)O)CCCC2(C)C3CCC4(O)CC3(CCC12)CC41CO1
"2,16-dimethyl-15-(6-methylheptan-2-yl)-8-oxapentacyclo[9.7.0.02,7.07,9.012,16]octadecan-5-ol",1.0,CC(C)CCCC(C)C1CCC2C3CC4OC45CC(O)CCC5(C)C3CCC12C
"7-hydroperoxy-10,13-dimethyl-17-(6-methylheptan-2-yl)-2,3,4,7,8,9,11,12,14,15,16,17-dodecahydro-1H-cyclopenta[a]phenanthren-3-ol",1.0,CC(C)CCCC(C)C1CCC2C3C(OO)C=C4CC(O)CCC4(C)C3CCC12C
"2,5,8,11,14,21,24,27,30,33-decaoxatricyclo[32.4.0.015,20]octatriacontane",0.0,C1CCC2OCCOCCOCCOCCOC3CCCCC3OCCOCCOCCOCCOC2C1
"6-(azidomethyl)oxane-2,3,4,5-tetrol",1.0,N#[N+][N-]CC1OC(O)C(O)C(O)C1O
"(1,2,5-trimethyl-4-oxospiro[8-oxatricyclo[7.2.1.02,7]dodec-5-ene-12,2'-oxirane]-11-yl) (E)-but-2-enoate",0.0,C/C=C/C(=O)OC1CC2OC3C=C(C)C(=O)CC3(C)C1(C)C21CO1
"[7,7,12,16-tetramethyl-15-(6-methylhept-5-en-2-yl)-6-pentacyclo[9.7.0.01,3.03,8.012,16]octadecanyl] (E)-3-(4-hydroxy-3-methoxyphenyl)prop-2-enoate",0.0,COc1cc(/C=C/C(=O)OC2CCC34CC35CCC3(C)C(C(C)CCC=C(C)C)CCC3(C)C5CCC4C2(C)C)ccc1O
"(1R,3R,6S)-3-[(2S)-oxiran-2-yl]-7-oxabicyclo[4.1.0]heptane",1.0,C1C[C@@H]2O[C@@H]2C[C@@H]1[C@H]1CO1
"[(2R,4R)-2-(2-iodoethyl)-1,3-dioxolan-4-yl]methanol",1.0,OC[C@@H]1CO[C@@H](CCI)O1
3-(7-oxabicyclo[4.1.0]heptan-3-ylmethoxymethyl)-7-oxabicyclo[4.1.0]heptane,1.0,C1CC2OC2CC1COCC1CCC2OC2C1
"2,3,5,6-tetrachloro-7-(chloromethyl)-1,7-bis(dichloromethyl)bicyclo[2.2.1]heptane",0.0,ClCC1(C(Cl)Cl)C2C(Cl)C(Cl)C1(C(Cl)Cl)C(Cl)C2Cl
"5-hydroperoxy-10,13-dimethyl-17-(6-methylheptan-2-yl)-1,2,3,4,8,9,11,12,14,15,16,17-dodecahydrocyclopenta[a]phenanthren-3-ol",1.0,CC(C)CCCC(C)C1CCC2C3C=CC4(OO)CC(O)CCC4(C)C3CCC12C
"3,7-dioxa-9,10-diazatetracyclo[3.3.2.02,4.06,8]dec-9-ene",0.0,N1=NC2C3OC3C1C1OC21
"(2S,3R,4R,5R)-4-[(2R,3R,4S,5S,6R)-3,4,5-trihydroxy-6-(hydroxymethyl)oxan-2-yl]oxyhexane-1,2,3,5,6-pentol",0.0,OC[C@@H](O)[C@@H](O[C@H]1O[C@H](CO)[C@@H](O)[C@H](O)[C@H]1O)[C@H](O)[C@@H](O)CO
"1,7-dioxaspiro[2.5]octane",1.0,C1COCC2(C1)CO2
"6,6-dimethylspiro[bicyclo[3.1.1]heptane-2,2'-oxirane]",0.0,CC1(C)C2CCC3(CO3)C1C2
"(1S,2R,3S,4R,5R)-5-(1,3-dihydroxypropan-2-ylamino)-1-(hydroxymethyl)cyclohexane-1,2,3,4-tetrol",0.0,OCC(CO)N[C@@H]1C[C@](O)(CO)[C@H](O)[C@@H](O)[C@@H]1O
"4,8a-dimethyl-1,2,3,4,5,6,7,8-octahydronaphthalen-4a-ol",0.0,CC1CCCC2(C)CCCCC12O
"6-azidohexane-1,2,3,4,5-pentol",1.0,N#[N+][N-]CC(O)C(O)C(O)C(O)CO
"2,4,6-tris(chloromethyl)-1,3,5-trioxane",1.0,ClCC1OC(CCl)OC(CCl)O1
(2R)-2-[[(2R)-2-ethylhexoxy]methyl]oxirane,1.0,CCCC[C@@H](CC)COC[C@H]1CO1
1-(2-hydroperoxypropan-2-yl)-4-methylcyclohexane,1.0,CC1CCC(C(C)(C)OO)CC1
"(3R,4S,5R)-2-(4-methylanilino)oxane-3,4,5-triol",1.0,Cc1ccc(NC2OC[C@@H](O)[C@H](O)[C@H]2O)cc1
"N-(4-methylphenyl)-N-[(2,3,4,5-tetrahydroxyoxan-2-yl)methyl]nitrous amide",1.0,Cc1ccc(N(CC2(O)OCC(O)C(O)C2O)N=O)cc1
"6,13-bis(hydroxymethyl)-2,6-dimethyltetracyclo[10.3.1.01,10.02,7]hexadecane-5,13-diol",0.0,CC1(CO)C(O)CCC2(C)C1CCC1CC3CC12CCC3(O)CO
"spiro[2,3,4,4a,5,6,8,8a-octahydro-1H-naphthalene-7,2'-oxirane]",0.0,C1CCC2CC3(CCC2C1)CO3
"2-[(4-methylanilino)methyl]oxane-2,3,4,5-tetrol",0.0,Cc1ccc(NCC2(O)OCC(O)C(O)C2O)cc1
"tris(2,3-dibromo-3-methylbutyl) phosphate",0.0,CC(C)(Br)C(Br)COP(=O)(OCC(Br)C(C)(C)Br)OCC(Br)C(C)(C)Br
"1,2,7,7-tetramethylbicyclo[2.2.1]heptan-2-ol",0.0,CC1(O)CC2CCC1(C)C2(C)C
tris[(2R)-2-ethylhexyl] phosphite,0.0,CCCC[C@@H](CC)COP(OC[C@H](CC)CCCC)OC[C@H](CC)CCCC
"(17-ethynyl-10,13-dimethyl-3-oxo-2,6,7,8,9,11,12,14,15,16-decahydro-1H-cyclopenta[a]phenanthren-17-yl) acetate",0.0,C#CC1(OC(C)=O)CCC2C3CCC4=CC(=O)CCC4(C)C3CCC21C
"N-[4-(4-chlorophenoxy)phenyl]-N-[(2S,3R,4S,5S,6R)-3,4,5-trihydroxy-6-(hydroxymethyl)oxan-2-yl]oxyacetamide",1.0,CC(=O)N(O[C@@H]1O[C@H](CO)[C@@H](O)[C@H](O)[C@H]1O)c1ccc(Oc2ccc(Cl)cc2)cc1
"[(3R,3aR,6R,6aS)-3-hydroxy-2,3,3a,5,6,6a-hexahydrofuro[3,2-b]furan-6-yl] nitrate",0.0,O=[N+]([O-])O[C@@H]1CO[C@H]2[C@@H]1OC[C@H]2O
"2,3,5,6-tetrachloro-1,7-bis(dichloromethyl)-7-methylbicyclo[2.2.1]heptane",0.0,CC1(C(Cl)Cl)C2C(Cl)C(Cl)C1(C(Cl)Cl)C(Cl)C2Cl
"[(2R,4R)-2-[(1S)-1-iodoethyl]-1,3-dioxolan-4-yl]methanol",1.0,C[C@H](I)[C@@H]1OC[C@@H](CO)O1
"(7,8-diformyl-1,1,4a,6a,10b-pentamethyl-2,3,4,4b,5,6,7,10,10a,11,12,12a-dodecahydrochrysen-6-yl) acetate",0.0,CC(=O)OC1CC2C3(C)CCCC(C)(C)C3CCC2(C)C2CC=C(C=O)C(C=O)C12C
"17-hydroxy-1,10,13-trimethyl-17-propyl-2,4,5,6,7,8,9,11,12,14,15,16-dodecahydro-1H-cyclopenta[a]phenanthren-3-one",0.0,CCCC1(O)CCC2C3CCC4CC(=O)CC(C)C4(C)C3CCC21C
"5,10-dioxatricyclo[7.1.0.04,6]decane",0.0,C1CC2OC2CCC2OC12
"(1S,2S,5S)-2-[[(1S,2S,5S)-6-oxabicyclo[3.1.0]hexan-2-yl]oxy]-6-oxabicyclo[3.1.0]hexane",0.0,C1C[C@H](O[C@H]2CC[C@@H]3O[C@@H]32)[C@H]2O[C@@H]12
"2,5,8,15,18,21,24-heptaoxatricyclo[23.4.0.09,14]nonacosane",0.0,C1CCC2OCCOCCOC3CCCCC3OCCOCCOCCOC2C1
"[2-methoxy-5-[(5-methoxy-3,4-disulfooxyoxan-2-yl)methoxymethyl]-3-sulfooxyoxan-4-yl] hydrogen sulfate",0.0,COC1COC(COCC2COC(OC)C(OS(=O)(=O)O)C2OS(=O)(=O)O)C(OS(=O)(=O)O)C1OS(=O)(=O)O
"N-[4-(4-chlorophenoxy)phenyl]-N-[3,4,5-trihydroxy-6-(hydroxymethyl)oxan-2-yl]oxyacetamide",1.0,CC(=O)N(OC1OC(CO)C(O)C(O)C1O)c1ccc(Oc2ccc(Cl)cc2)cc1
"10,14-dimethylspiro[hexacyclo[9.8.0.02,4.05,10.014,19.016,18]nonadec-4-ene-15,5'-oxolane]-2',7-dione",0.0,CC12CCC(=O)CC1=C1CC1C1C2CCC2(C)C1C1CC1C21CCC(=O)O1
"(17-ethynyl-13-methyl-3-oxo-1,2,4,6,7,8,9,11,12,14,15,16-dodecahydrocyclopenta[a]phenanthren-17-yl) acetate",0.0,C#CC1(OC(C)=O)CCC2C3CCC4=C(CCC(=O)C4)C3CCC21C
2-(6-oxabicyclo[3.1.0]hexan-2-yloxy)-6-oxabicyclo[3.1.0]hexane,0.0,C1CC2OC2C1OC1CCC2OC12
"[2-(2-iodoethyl)-1,3-dioxolan-4-yl]methanol",1.0,OCC1COC(CCI)O1
"1,2,3,4,6,7,8,9,10,10-decachloropentacyclo[5.3.0.02,6.03,9.04,8]decan-5-ol",0.0,OC1C2(Cl)C3(Cl)C4(Cl)C(Cl)(Cl)C5(Cl)C3(Cl)C1(Cl)C5(Cl)C24Cl
"1,6-dioxaspiro[2.5]octane",1.0,C1CC2(CCO1)CO2
6-tert-butyl-1-oxaspiro[2.5]octane,0.0,CC(C)(C)C1CCC2(CC1)CO2
"(1R,2R,3S,6R,7S,8S,9R,11S)-3,4,5,6,13,13-hexachloro-10-oxapentacyclo[6.3.1.13,6.02,7.09,11]tridec-4-ene",0.0,ClC1=C(Cl)[C@]2(Cl)[C@H]3[C@@H]4C[C@@H]([C@@H]5O[C@H]45)[C@H]3[C@@]1(Cl)C2(Cl)Cl
"10,11-dihydroxy-2-(hydroxymethyl)-1,5-dimethylspiro[8-oxatricyclo[7.2.1.02,7]dodecane-12,2'-oxirane]-3,4-dione",0.0,CC1CC2OC3C(O)C(O)C(C)(C34CO4)C2(CO)C(=O)C1=O
4-ethenyl-1-methyl-7-oxabicyclo[4.1.0]heptane,0.0,C=CC1CCC2(C)OC2C1
